"Id","Path","Slice Name","Alias(s)","Label","Min","Max","Must Support?","Is Modifier?","Is Summary?","Type(s)","Short","Definition","Comments","Requirements","Default Value","Meaning When Missing","Fixed Value","Pattern","Example","Minimum Value","Maximum Value","Maximum Length","Binding Strength","Binding Description","Binding Value Set","Code","Slicing Discriminator","Slicing Description","Slicing Ordered","Slicing Rules","Base Path","Base Min","Base Max","Condition(s)","Constraint(s)","Mapping: HL7 v2 Mapping","Mapping: RIM Mapping","Mapping: ServD","Mapping: FiveWs Pattern Mapping"
"Organization","Organization","","","",0,*,"","","","null {[]} {[]}
","長期照顧服務機構的資訊","為實現某種形式的集體行動而形成的正式或非正式認可的一群人或機構的團體。包括公司、機構、企業、部門、社群團體、健康照護實務團體、付款人／保險公司等。","","","","","","","","","",,,,,"",,,,"Organization",0,*,"","dom-2:If the resource is contained in another resource, it SHALL NOT contain nested Resources {contained.contained.empty()}
dom-3:If the resource is contained in another resource, it SHALL be referred to from elsewhere in the resource or SHALL refer to the containing resource {contained.where((('#'+id in (%resource.descendants().reference | %resource.descendants().as(canonical) | %resource.descendants().as(uri) | %resource.descendants().as(url))) or descendants().where(reference = '#').exists() or descendants().where(as(canonical) = '#').exists() or descendants().where(as(canonical) = '#').exists()).not()).trace('unmatched', id).empty()}dom-4:If a resource is contained in another resource, it SHALL NOT have a meta.versionId or a meta.lastUpdated {contained.meta.versionId.empty() and contained.meta.lastUpdated.empty()}dom-5:If a resource is contained in another resource, it SHALL NOT have a security label {contained.meta.security.empty()}dom-6:A resource should have narrative for robust management {text.`div`.exists()}org-1:The organization SHALL at least have a name or an identifier, and possibly more than one {(identifier.count() + name.count()) > 0}","(also see master files messages)","Entity. Role, or Act","Organization(classCode=ORG, determinerCode=INST)","Organization"
"Organization.id","Organization.id","","","",0,1,"","","Y","id {[]} {[]}
","不重複的ID用以識別儲存在特定FHIR Server中的Organization紀錄，通常又稱為邏輯性ID。","resource的邏輯ID，在resource的URL中使用。一旦指定，這個值永遠不會改變。","一個resource使用新增操作（create operation）提交給伺服器時，此resource沒有id，它的id在resource被創建後由伺器分配/指定。","","","","","","","","",,,,,"",,,,"Resource.id",0,1,"",""
"Organization.meta","Organization.meta","","","",0,1,"","","Y","Meta {[]} {[]}
","此Organization Resource的metadata","關於resource的metadata。這是由基礎建設維護的內容。內容的更改可能並不總是與resource的版本更改相關聯。","","","","","","","","","",,,,,"",,,,"Resource.meta",0,1,"","ele-1:All FHIR elements must have a @value or children {hasValue() or (children().count() > id.count())}
"
"Organization.implicitRules","Organization.implicitRules","","","",0,1,"","Y","Y","uri {[]} {[]}
","創建此內容所依據的一組規則","構建resource時遵循的一系列規則的參照，在處理內容時必須理解這些規則。通常這是對IG所定義之特殊規則及其他profiles的參照。","宣告這套規則限制了內容只能被有限的交易夥伴所理解。這從本質上限制了資料的長期有用性。然而，現有的健康生態體系高度分裂，還沒有準備好以普遍可計算的方式定義、收集和交換資料。只要有可能，實作者和/或規範編寫者應該避免使用這個資料項目。通常在使用時，此URL是對IG的參照，此IG將這些特殊規則與其他profiles、value sets等一起定義為其敘述的一部分。","","","","","","","","",,,,,"",,,,"Resource.implicitRules",0,1,"","ele-1:All FHIR elements must have a @value or children {hasValue() or (children().count() > id.count())}
"
"Organization.language","Organization.language","","","",0,1,"","","","code {[]} {[]}
","用以表述Organization Resource內容的語言。","編寫此resource的語言","提供語言是為了支援索引和可存取性（通常，文字表述轉語音等服務使用此語言標籤）。html lanuage tag適用於此敘述。resource上的語言標籤可用於指定從resource中的資料所產成的其他表述之語言。不是所有的內容都必須使用此語言。不應該假定Resource.language自動適用於敘述。如果指定語言，它也應該被指定在html中的div資料項目（關於xml:lang和html lang屬性之間的關係，見HTML5中的規則）。","","","","","","<valueString xmlns=""http://hl7.org/fhir"" value=""zh-TW""/>","","",,"preferred","人類語言；鼓勵使用CommonLanguages代碼表中的代碼，但不強制一定要使用此代碼表，你也可使用其他代碼表的代碼或單純以文字表示。","http://hl7.org/fhir/ValueSet/languages","",,,,"Resource.language",0,1,"","ele-1:All FHIR elements must have a @value or children {hasValue() or (children().count() > id.count())}
"
"Organization.text","Organization.text","","narrative
htmlxhtmldisplay","",0,1,"","","","Narrative {[]} {[]}
","Organization Resource之內容摘要以供人閱讀","人可讀的敘述，包含resource的摘要，可用於向人表述resource的內容。敘述不需要對所有的結構化資料進行編碼，但需要包含足夠的細節使人在閱讀敘述時理解「臨床安全性」。resource定義有哪些內容應該在敘述中表示，以確保臨床安全。","內嵌（contained）的resource沒有敘述，非內嵌（contained）的resource則 **建議應該（SHOULD）** 有敘述。有時resource可能只有文字表述，很少或沒有額外的結構化資料（只要滿足所有minOccurs=1的資料項目）。這可能出現在舊系統的資料，當資訊以 「文字表述區塊（text blob） 」的形式被取得，或者文字表述是原始輸入或說明，而編碼資訊稍後再添加。","","","","","","","","",,,,,"",,,,"DomainResource.text",0,1,"","ele-1:All FHIR elements must have a @value or children {hasValue() or (children().count() > id.count())}
","Act.text?"
"Organization.contained","Organization.contained","","inline resources
anonymous resourcescontained resources","",0,*,"","","","Resource {[]} {[]}
","Contained, inline Resources","These resources do not have an independent existence apart from the resource that contains them - they cannot be identified independently, and nor can they have their own independent transaction scope.","This should never be done when the content can be identified properly, as once identification is lost, it is extremely difficult (and context dependent) to restore it again. Contained resources may have profiles and tags In their meta elements, but SHALL NOT have security labels.","","","","","","","","",,,,,"",,,,"DomainResource.contained",0,*,"","","N/A"
"Organization.extension","Organization.extension","","extensions
user content","",0,*,"","","","Extension {[]} {[]}
","Additional content defined by implementations","May be used to represent additional information that is not part of the basic definition of the resource. To make the use of extensions safe and manageable, there is a strict set of governance  applied to the definition and use of extensions. Though any implementer can define an extension, there is a set of requirements that SHALL be met as part of the definition of the extension.","There can be no stigma associated with the use of extensions by any application, project, or standard - regardless of the institution or jurisdiction that uses or defines the extensions.  The use of extensions is what allows the FHIR specification to retain a core level of simplicity for everyone.","","","","","","","","",,,,,"",,,,"DomainResource.extension",0,*,"","ele-1:All FHIR elements must have a @value or children {hasValue() or (children().count() > id.count())}
ext-1:Must have either extensions or value[x], not both {extension.exists() != value.exists()}","N/A"
"Organization.modifierExtension","Organization.modifierExtension","","extensions
user content","",0,*,"","Y","","Extension {[]} {[]}
","Extensions that cannot be ignored","May be used to represent additional information that is not part of the basic definition of the resource and that modifies the understanding of the element that contains it and/or the understanding of the containing element's descendants. Usually modifier elements provide negation or qualification. To make the use of extensions safe and manageable, there is a strict set of governance applied to the definition and use of extensions. Though any implementer is allowed to define an extension, there is a set of requirements that SHALL be met as part of the definition of the extension. Applications processing a resource are required to check for modifier extensions.

Modifier extensions SHALL NOT change the meaning of any elements on Resource or DomainResource (including cannot change the meaning of modifierExtension itself).","There can be no stigma associated with the use of extensions by any application, project, or standard - regardless of the institution or jurisdiction that uses or defines the extensions.  The use of extensions is what allows the FHIR specification to retain a core level of simplicity for everyone.","Modifier extensions allow for extensions that *cannot* be safely ignored to be clearly distinguished from the vast majority of extensions which can be safely ignored.  This promotes interoperability by eliminating the need for implementers to prohibit the presence of extensions. For further information, see the [definition of modifier extensions](http://hl7.org/fhir/R4/extensibility.html#modifierExtension).","","","","","","","",,,,,"",,,,"DomainResource.modifierExtension",0,*,"","ele-1:All FHIR elements must have a @value or children {hasValue() or (children().count() > id.count())}
ext-1:Must have either extensions or value[x], not both {extension.exists() != value.exists()}","N/A"
"Organization.identifier","Organization.identifier","","","",0,*,"Y","","Y","Identifier {[]} {[]}
","跨多個系統中識別此機構","用於指明跨多個不同系統的機構識別碼","","Organizations通常有多種識別碼。有些機構保有數個，而大多數機構收集識別碼用於跟其他機構交流有關此機構的資訊。","","","","","","","",,,,,"",,,,"Organization.identifier",0,*,"org-1
","ele-1:All FHIR elements must have a @value or children {hasValue() or (children().count() > id.count())}
","XON.10 / XON.3",".scopes[Role](classCode=IDENT)","./Identifiers","FiveWs.identifier"
"Organization.identifier.id","Organization.identifier.id","","","",0,1,"","","","string {[]} {[]}
","唯一可識別ID，以供資料項目間相互參照。","resource中資料項目的唯一ID（用於內部參照）。這可以是任何不含空格的字串。","","","","","","","","","",,,,,"",,,,"Element.id",0,1,"","","n/a"
"Organization.identifier.extension","Organization.identifier.extension","","","",0,*,"","","","Extension {[]} {[]}
","擴充的資料項目","擴充的資料項目","","","","","","","","","",,,,,"","value:url}
","Extensions are always sliced by (at least) url",,"open","Element.extension",0,*,"","ele-1:All FHIR elements must have a @value or children {hasValue() or (children().count() > id.count())}
ext-1:Must have either extensions or value[x], not both {extension.exists() != value.exists()}"
"Organization.identifier.use","Organization.identifier.use","","","",0,1,"Y","Y","Y","code {[]} {[]}
","usual ｜ official ｜ temp ｜ secondary ｜ old （如果知道）","這個唯一識別碼（identifier）的用途","應用程式可以假定一個識別碼是永久的，除非它明確說它是暫時的。","允許從一組識別碼中為特定的使用情境選擇適當的識別碼","","","","","","","",,"required","如果已知，請說明此識別碼的目的；應填入所綁定值集中的其中一個代碼。","http://hl7.org/fhir/ValueSet/identifier-use|4.0.1","",,,,"Identifier.use",0,1,"","ele-1:All FHIR elements must have a @value or children {hasValue() or (children().count() > id.count())}
","N/A","Role.code or implied by context"
"Organization.identifier.type","Organization.identifier.type","","","",0,1,"Y","","","CodeableConcept {[CanonicalType[https://twcore.mohw.gov.tw/ig/twcore/StructureDefinition/CodeableConcept-tw]]} {[]}
","機構識別碼（identifier）的型別說明","識別碼的代碼型別，用於決定特定目適用的識別碼。","這個資料項目只涉及識別碼的一般類別。它 **必須沒有（SHALL NOT）** 被用於與Identifier.system 1..1對應的代碼。一些識別碼可能由於常見的用法而屬於多個類別。在系統是已知的情況下，型別是不必要的，因為型別總是系統定義的一部分。然而，系統經常需要處理系統不為人知的識別碼。型別和系統之間不是1:1的關係，因為許多不同的系統有相同的型別。","允許使用者在不知道識別碼系統的情況下利用識別碼","","","","","","","",,"extensible","識別碼的型別，用於決定特定目的所適用的識別碼；應填入所綁定值集中的其中一個代碼。","https://twcore.mohw.gov.tw/ig/twcore/ValueSet/identifier-type-tw","",,,,"Identifier.type",0,1,"ele-1
","ele-1:All FHIR elements must have a @value or children {hasValue() or (children().count() > id.count())}
","CE/CNE/CWE","n/a","CD"
"Organization.identifier.system","Organization.identifier.system","","","",0,1,"Y","","Y","uri {[]} {[]}
","機構識別碼（identifier）的命名空間（namespace），可至[twTerminology](https://fhir.mohw.gov.tw/ts/namingsystem.jsp?status=active&amp;type=0)申請或查詢命名系統。","建立值的命名空間－即一個描述一組值的唯一URL","Identifier.system總是區分大小寫","有許多識別碼的集合。為了進行兩個識別碼的對應，我們需要知道我們處理的是哪一組。系統指明了一個特定的唯一識別碼集。","","","","","<valueUri xmlns=""http://hl7.org/fhir"" value=""http://www.acme.com/identifiers/patient""/>","","",,,,,"",,,,"Identifier.system",0,1,"","ele-1:All FHIR elements must have a @value or children {hasValue() or (children().count() > id.count())}
","CX.4 / EI-2-4","II.root or Role.id.root","./IdentifierType"
"Organization.identifier.value","Organization.identifier.value","","","",1,1,"Y","","Y","string {[]} {[]}
","唯一值。[應填入機構代碼]","識別碼中通常與使用者有關的部分，在系統情境內是唯一的。","如果此值是一個完整的URI，那麼此系統 **必須（SHALL）** 是urn:ietf:rfc:3986。此值的主要目的是為了可運算的對應。因此，為了比較的目的，它可能會被正規化（例如：去除不重要的空白、破折號等）。一個為人顯示的格式化的值可以使用[Rendered Value](http://hl7.org/fhir/R4/extension-rendered-value.html)擴充來傳達。除非對Identifier.system的了解使處理者確信不區分大小寫的處理是安全的，否則Identifier.value應被視為區分大小寫。","","","","","","<valueString xmlns=""http://hl7.org/fhir"" value=""123456""/>","","",,,,,"",,,,"Identifier.value",0,1,"","ele-1:All FHIR elements must have a @value or children {hasValue() or (children().count() > id.count())}
","CX.1 / EI.1","II.extension or II.root if system indicates OID or GUID (Or Role.id.extension or root)","./Value"
"Organization.identifier.period","Organization.identifier.period","","","",0,1,"","","Y","Period {[]} {[]}
","此機構識別碼（identifier）的使用效期","識別碼有效／曾經有效使用的時段或期間","","","","","","","","","",,,,,"",,,,"Identifier.period",0,1,"","ele-1:All FHIR elements must have a @value or children {hasValue() or (children().count() > id.count())}
","CX.7 + CX.8","Role.effectiveTime or implied by context","./StartDate and ./EndDate"
"Organization.identifier.assigner","Organization.identifier.assigner","","","",0,1,"","","Y","Reference {[]} {[CanonicalType[https://twcore.mohw.gov.tw/ig/twcore/StructureDefinition/Organization-twcore]]}
","簽發identifier的機構（可以只是文字表述）","簽發／管理識別碼的機構","Identifier.assigner可以省略.reference資料項目，只包含一個.display資料項目，反映指定機構的名稱或其他文字表述資訊。","","","","","","","","",,,,,"",,,,"Identifier.assigner",0,1,"","ele-1:All FHIR elements must have a @value or children {hasValue() or (children().count() > id.count())}
","CX.4 / (CX.4,CX.9,CX.10)","II.assigningAuthorityName but note that this is an improper use by the definition of the field.  Also Role.scoper","./IdentifierIssuingAuthority"
"Organization.active","Organization.active","","","",0,1,"Y","Y","Y","boolean {[]} {[]}
","此機構的紀錄是否仍在使用中","此機構的紀錄是否仍在使用中","這個Active標記不是用來標記機構暫時關閉或正在建設中。反而應該是Organization的地點（Location）應該具有暫停狀態。如果需要進一步詳細說明暫停的原因，那麼應該針對這個資料項目的提供一個擴充的資料項目。

這個資料項目被標記為修飾語／修飾用，因為它可用來標記resource是錯誤建立的。","需要一個標記表明此記錄不再被使用，一般來說應會在使用者界面中隱藏此資料項目。","","This resource is generally assumed to be active if no value is provided for the active element","","","","","",,,,,"",,,,"Organization.active",0,1,"","ele-1:All FHIR elements must have a @value or children {hasValue() or (children().count() > id.count())}
","No equivalent in HL7 v2",".status","./Status (however this concept in ServD more covers why the organization is active or not, could be delisted, deregistered, not operational yet) this could alternatively be derived from ./StartDate and ./EndDate and given a context date.","FiveWs.status"
"Organization.type","Organization.type","","","",0,1,"Y","","","CodeableConcept {[CanonicalType[https://twcore.mohw.gov.tw/ig/twcore/StructureDefinition/CodeableConcept-tw]]} {[]}
","機構的型別","機構的型別","機構可以是公司、病房、科室、臨床團隊、政府部門等。請注意，代碼通常是機構型別的分類；在許多應用程式中，若代碼是用來指明一個特定機構（例如：病房），而不是另一個相同型別的機構，那麼這些算是識別碼代碼，而不是型別代碼。

當考慮多個型別是否合適時，你應該評估子機構是否是一個更合適的概念使用，因為不同的型別可能在不同子區域的機構。這最有可能用於型別值不相關（orthogonal values）的地方，像是一個宗教的、學術的和醫學中心。

我們期望一些行政管轄區設計此資料項目為可選填且基數設定為1。","需要能夠追踪這是哪種機構－不同機構型別有不同的用途。","","","","","","","",,"example","用於分類機構；可參考所綁定值集，但此值集只是針對這個欄位的一個可能值的範例，不預期也不鼓勵使用者一定要使用此值集的代碼。","http://hl7.org/fhir/ValueSet/organization-type","",,,,"Organization.type",0,*,"ele-1
","ele-1:All FHIR elements must have a @value or children {hasValue() or (children().count() > id.count())}
","CE/CNE/CWE","n/a","CD"
"Organization.name","Organization.name","","","",1,1,"Y","","Y","string {[]} {[]}
","機構名稱。[應填入機構名稱]","與此機構相關名稱","如果一個機構改變名稱，可以考慮把舊的名稱放在別名（alias）資料項目中，這樣仍然可以透過查詢找到它。","需要使用名稱作為機構的標籤","","","","","","","",,,,,"",,,,"Organization.name",0,1,"org-1
","ele-1:All FHIR elements must have a @value or children {hasValue() or (children().count() > id.count())}
","XON.1",".name",".PreferredName/Name"
"Organization.alias","Organization.alias","","","",0,*,"","","","string {[]} {[]}
","此機構目前或過去已知的其他（多個）名稱","此機構目前或過去已知的其他（多個）名稱","沒有與別名／歷史名稱相關的日期，因為這不是為了追踪使用名稱的時間，而是為了協助查詢，以便舊名稱仍然可以指明此機構。","隨著時間的推移，地點和機構經歷了許多變化，可能會有不同的名稱。

對於查詢而言，了解此機構以前的名稱是非常有用的。","","","","","","","",,,,,"",,,,"Organization.alias",0,*,"","ele-1:All FHIR elements must have a @value or children {hasValue() or (children().count() > id.count())}
",".name"
"Organization.telecom","Organization.telecom","","","",1,*,"Y","","","ContactPoint {[]} {[]}
","機構聯絡方式。","此機構的詳細聯絡方式","不能使用代碼 「home」。請注意，這些聯絡人不是指受僱於此機構或代表此機構的人的詳細聯絡方式，而是此機構本身的官方聯絡人。","此機構的聯絡人","","","","","","","",,,,,"",,,,"Organization.telecom",0,*,"org-3
","ele-1:All FHIR elements must have a @value or children {hasValue() or (children().count() > id.count())}
org-3:The telecom of an organization can never be of use 'home' {where(use = 'home').empty()}","ORC-22?",".telecom","./ContactPoints"
"Organization.telecom.id","Organization.telecom.id","","","",0,1,"","","","string {[]} {[]}
","唯一可識別ID，以供資料項目間相互參照。","resource中資料項目的唯一ID（用於內部參照）。這可以是任何不含空格的字串。","","","","","","","","","",,,,,"",,,,"Element.id",0,1,"","","n/a"
"Organization.telecom.extension","Organization.telecom.extension","","","",0,*,"","","","Extension {[]} {[]}
","擴充的資料項目","可用於表示不屬於此資料項目基本定義的附加資訊。為了擴充的使用安全和可管理，對擴充的定義和使用有一套嚴格的管理。儘管任何實作者都可以定義一個擴充，但作為擴充定義的一部分，有一套要求 **必須（SHALL）** 滿足。","","","","","","","","","",,,,,"","value:url}
","Extensions are always sliced by (at least) url",,"open","Element.extension",0,*,"","ele-1:All FHIR elements must have a @value or children {hasValue() or (children().count() > id.count())}
ext-1:Must have either extensions or value[x], not both {extension.exists() != value.exists()}"
"Organization.telecom.system","Organization.telecom.system","","","",0,1,"Y","","Y","code {[]} {[]}
","phone | fax | email | pager | url | sms | other","聯絡方式的通訊形式－需要什麼通訊系統進行聯絡","","","","","","","","","",,"required","應填入所綁定值集中的其中一個代碼。","http://hl7.org/fhir/ValueSet/contact-point-system|4.0.1","",,,,"ContactPoint.system",0,1,"cpt-2
","ele-1:All FHIR elements must have a @value or children {hasValue() or (children().count() > id.count())}
","XTN.3","./scheme","./ContactPointType"
"Organization.telecom.value","Organization.telecom.value","","","",1,1,"Y","","Y","string {[]} {[]}
","實際的聯絡方式之細節。[應填入機構電話]","實際的聯絡方式之細節，針對指定的通訊系統提供有意義的形式（電話號碼或是電子郵件位址）。","額外的文字資料，例如電話分機號碼、或關於聯絡人的說明，有時也包括於此值。","需支援非嚴格格式控制之舊有號碼","","","","","","","",,,,,"",,,,"ContactPoint.value",0,1,"","ele-1:All FHIR elements must have a @value or children {hasValue() or (children().count() > id.count())}
","XTN.1 (or XTN.12)","./url","./Value"
"Organization.telecom.use","Organization.telecom.use","","","",0,1,"","Y","Y","code {[]} {[]}
","home | work | temp | old | mobile－此聯絡方式的用途","確定聯絡方式的用途","應用程式可以假定一個聯絡方法是目前使用中，除非它明確說它是暫時的或舊的。","需要追蹤此人使用這種聯絡的方式，使用者可以選擇適合他們用途的聯絡方式。","","","","","","","",,"required","應填入所綁定值集中的其中一個代碼。","http://hl7.org/fhir/ValueSet/contact-point-use|4.0.1","",,,,"ContactPoint.use",0,1,"","ele-1:All FHIR elements must have a @value or children {hasValue() or (children().count() > id.count())}
","XTN.2 - but often indicated by field","unique(./use)","./ContactPointPurpose"
"Organization.telecom.rank","Organization.telecom.rank","","","",0,1,"","","Y","positiveInt {[]} {[]}
","具體說明偏好的使用順序（1=最高優先順序）","具體說明使用一組聯繫方式的優先順序，較小排名序位的聯絡方式比較大排名序位的聯絡方式之序位還要前面。","請注意，排名序位沒有一定要遵循聯絡方式在實例中呈現的順序。","","","","","","","","",,,,,"",,,,"ContactPoint.rank",0,1,"","ele-1:All FHIR elements must have a @value or children {hasValue() or (children().count() > id.count())}
","n/a","n/a"
"Organization.telecom.period","Organization.telecom.period","","","",0,1,"","","Y","Period {[]} {[]}
","此聯絡方式的使用效期","此聯絡方式的使用效期","","","","","","","","","",,,,,"",,,,"ContactPoint.period",0,1,"","ele-1:All FHIR elements must have a @value or children {hasValue() or (children().count() > id.count())}
","N/A","./usablePeriod[type=""IVL<TS>""]","./StartDate and ./EndDate"
"Organization.address","Organization.address","","","",1,1,"Y","","","Address {[CanonicalType[https://twcore.mohw.gov.tw/ig/twcore/StructureDefinition/Address-tw]]} {[]}
","機構所在地址。","此機構的地址","機構可能有多個地址，有不同的用途或適用期。不使用代碼「home」。","為了聯絡、計費或通報要求而可能需要追踪機構的地址","","","","","","","",,,,,"",,,,"Organization.address",0,*,"ele-1
","ele-1:All FHIR elements must have a @value or children {hasValue() or (children().count() > id.count())}
org-2:An address of an organization can never be of use 'home' {where(use = 'home').empty()}","XAD","n/a","AD","Address"
"Organization.address.id","Organization.address.id","","","",0,1,"","","","string {[]} {[]}
","唯一可識別ID，以供資料項目間相互參照。","resource中資料項目的唯一ID（用於內部參照）。這可以是任何不含空格的字串。","","","","","","","","","",,,,,"",,,,"Element.id",0,1,"","","n/a"
"Organization.address.extension","Organization.address.extension","","extensions
user content","",0,*,"","","","Extension {[]} {[]}
","Additional content defined by implementations","May be used to represent additional information that is not part of the basic definition of the element. To make the use of extensions safe and manageable, there is a strict set of governance  applied to the definition and use of extensions. Though any implementer can define an extension, there is a set of requirements that SHALL be met as part of the definition of the extension.","There can be no stigma associated with the use of extensions by any application, project, or standard - regardless of the institution or jurisdiction that uses or defines the extensions.  The use of extensions is what allows the FHIR specification to retain a core level of simplicity for everyone.","","","","","","","","",,,,,"","value:url}
","Extensions are always sliced by (at least) url",,"open","Element.extension",0,*,"","ele-1:All FHIR elements must have a @value or children {hasValue() or (children().count() > id.count())}
ext-1:Must have either extensions or value[x], not both {extension.exists() != value.exists()}","n/a"
"Organization.address.extension:room","Organization.address.extension","room","","",0,1,"Y","","","Extension {[CanonicalType[https://twcore.mohw.gov.tw/ig/twcore/StructureDefinition/tw-room]]} {[]}
","室","臺灣地址欄位-室","","","","","","","","","",,,,,"",,,,"Element.extension",0,*,"","ele-1:All FHIR elements must have a @value or children {hasValue() or (children().count() > id.count())}
ext-1:Must have either extensions or value[x], not both {extension.exists() != value.exists()}"
"Organization.address.extension:floor","Organization.address.extension","floor","","",0,1,"Y","","","Extension {[CanonicalType[https://twcore.mohw.gov.tw/ig/twcore/StructureDefinition/tw-floor]]} {[]}
","樓","臺灣地址欄位-樓","","","","","","","","","",,,,,"",,,,"Element.extension",0,*,"","ele-1:All FHIR elements must have a @value or children {hasValue() or (children().count() > id.count())}
ext-1:Must have either extensions or value[x], not both {extension.exists() != value.exists()}"
"Organization.address.extension:number","Organization.address.extension","number","","",0,1,"Y","","","Extension {[CanonicalType[https://twcore.mohw.gov.tw/ig/twcore/StructureDefinition/tw-number]]} {[]}
","號","臺灣地址欄位-號","","","","","","","","","",,,,,"",,,,"Element.extension",0,*,"","ele-1:All FHIR elements must have a @value or children {hasValue() or (children().count() > id.count())}
ext-1:Must have either extensions or value[x], not both {extension.exists() != value.exists()}"
"Organization.address.extension:alley","Organization.address.extension","alley","","",0,1,"Y","","","Extension {[CanonicalType[https://twcore.mohw.gov.tw/ig/twcore/StructureDefinition/tw-alley]]} {[]}
","弄","臺灣地址欄位-弄","","","","","","","","","",,,,,"",,,,"Element.extension",0,*,"","ele-1:All FHIR elements must have a @value or children {hasValue() or (children().count() > id.count())}
ext-1:Must have either extensions or value[x], not both {extension.exists() != value.exists()}"
"Organization.address.extension:lane","Organization.address.extension","lane","巷
衖","",0,1,"Y","","","Extension {[CanonicalType[https://twcore.mohw.gov.tw/ig/twcore/StructureDefinition/tw-lane]]} {[]}
","巷/衖","臺灣地址欄位-巷","","","","","","","","","",,,,,"",,,,"Element.extension",0,*,"","ele-1:All FHIR elements must have a @value or children {hasValue() or (children().count() > id.count())}
ext-1:Must have either extensions or value[x], not both {extension.exists() != value.exists()}"
"Organization.address.extension:section","Organization.address.extension","section","","",0,1,"Y","","","Extension {[CanonicalType[https://twcore.mohw.gov.tw/ig/twcore/StructureDefinition/tw-section]]} {[]}
","段","臺灣地址欄位-段","","","","","","","","","",,,,,"",,,,"Element.extension",0,*,"","ele-1:All FHIR elements must have a @value or children {hasValue() or (children().count() > id.count())}
ext-1:Must have either extensions or value[x], not both {extension.exists() != value.exists()}"
"Organization.address.extension:neighborhood","Organization.address.extension","neighborhood","","",0,1,"Y","","","Extension {[CanonicalType[https://twcore.mohw.gov.tw/ig/twcore/StructureDefinition/tw-neighborhood]]} {[]}
","鄰","臺灣地址欄位-鄰","","","","","","","","","",,,,,"",,,,"Element.extension",0,*,"","ele-1:All FHIR elements must have a @value or children {hasValue() or (children().count() > id.count())}
ext-1:Must have either extensions or value[x], not both {extension.exists() != value.exists()}"
"Organization.address.extension:village","Organization.address.extension","village","村
里","",0,1,"Y","","","Extension {[CanonicalType[https://twcore.mohw.gov.tw/ig/twcore/StructureDefinition/tw-village]]} {[]}
","村(里)","臺灣地址欄位-村(里)","","","","","","","","","",,,,,"",,,,"Element.extension",0,*,"","ele-1:All FHIR elements must have a @value or children {hasValue() or (children().count() > id.count())}
ext-1:Must have either extensions or value[x], not both {extension.exists() != value.exists()}"
"Organization.address.use","Organization.address.use","","","",0,1,"Y","Y","Y","code {[]} {[]}
","home ｜ work ｜ temp ｜ old ｜ billing － 此地址的用途","此地址的用途","應用程式可假定一個地址是目前使用中，除非它明確說它是暫時的或舊的。","允許從清單中挑選適當的地址用途","","","","","<valueCode xmlns=""http://hl7.org/fhir"" value=""home""/>","","",,"required","應填入AddressUse值集中的其中一個代碼","http://hl7.org/fhir/ValueSet/address-use|4.0.1","",,,,"Address.use",0,1,"","ele-1:All FHIR elements must have a @value or children {hasValue() or (children().count() > id.count())}
","XAD.7","unique(./use)","./AddressPurpose"
"Organization.address.type","Organization.address.type","","","",0,1,"Y","","Y","code {[]} {[]}
","postal ｜ physical ｜ both","區分實際地址（你可以拜訪的地址）和郵寄地址（如郵政信箱和轉遞地址），大多數地址都是這兩種。","地址的定義指出「地址旨在描述郵政地址，而不是實體位置」。但許多應用程式追蹤一個地址是否具有雙重目的，既是一個可以拜訪的地點，亦是一個有效的投遞目的地，郵政地址經常被用作實體位置的代表（亦可見[Location](http://hl7.org/fhir/R4/location.html#)resource）。","","","","","","<valueCode xmlns=""http://hl7.org/fhir"" value=""both""/>","","",,"required","應填入AddressType值集中的其中一個代碼","http://hl7.org/fhir/ValueSet/address-type|4.0.1","",,,,"Address.type",0,1,"","ele-1:All FHIR elements must have a @value or children {hasValue() or (children().count() > id.count())}
","XAD.18","unique(./use)"
"Organization.address.text","Organization.address.text","","","",1,1,"","","Y","string {[]} {[]}
","地址的文字表述。[應填入機構地址]","具體說明整個地址，因為它應該顯示在郵政標籤上，這可替代或與特定的部分一起提供。","可以同時提供文字表述和各部分的地址資料項目內容。更新地址的應用程式 **必須（SHALL）** 確保當文字表述和各部分的地址資料項目內容都存在時，文字表述不包括各部分的地址資料項目內容中沒有的內容，意即兩者內容會一致。","一個可呈現的、未編碼的形式。","","","","","<valueString xmlns=""http://hl7.org/fhir"" value=""137 Nowhere Street, Erewhon 9132""/>","","",,,,,"",,,,"Address.text",0,1,"","ele-1:All FHIR elements must have a @value or children {hasValue() or (children().count() > id.count())}
","XAD.1 + XAD.2 + XAD.3 + XAD.4 + XAD.5 + XAD.6","./formatted"
"Organization.address.line","Organization.address.line","","路
街","",0,1,"Y","","Y","string {[]} {[]}
","路/街","此部分包含門牌號碼、公寓號碼、街道名稱、街道方向、郵政信箱號碼、送貨提示以及類似的地址資訊。","","","","","","","<valueString xmlns=""http://hl7.org/fhir"" value=""137 Nowhere Street""/>","","",,,,,"",,,,"Address.line",0,*,"","ele-1:All FHIR elements must have a @value or children {hasValue() or (children().count() > id.count())}
","XAD.1 + XAD.2 (note: XAD.1 and XAD.2 have different meanings for a company address than for a person address)","AD.part[parttype = AL]","./StreetAddress (newline delimitted)"
"Organization.address.city","Organization.address.city","","Municpality
鄉鎮市區","",0,1,"Y","","Y","string {[]} {[]}
","鄉/鎮/市/區，定義上與國際的等級一致。原文為：Name of city, town etc.。","市、鄉、鎮、村或其他社區或配送中心的名稱。","","","","","","","<valueString xmlns=""http://hl7.org/fhir"" value=""Erewhon""/>","","",,,,,"",,,,"Address.city",0,1,"","ele-1:All FHIR elements must have a @value or children {hasValue() or (children().count() > id.count())}
","XAD.3","AD.part[parttype = CTY]","./Jurisdiction"
"Organization.address.district","Organization.address.district","","County
市","",0,1,"Y","","Y","string {[]} {[]}
","縣/市，定義上與國際的等級一致。原文為：District name (aka county)。","行政區域（縣）的名稱","區（district）有時被稱為縣（country），但在一些區域（regions），「縣（country）」被用來代替市（直轄市），所以縣名應該用市名來代替傳達。","","","","","","<valueString xmlns=""http://hl7.org/fhir"" value=""Madison""/>","","",,,,,"",,,,"Address.district",0,1,"","ele-1:All FHIR elements must have a @value or children {hasValue() or (children().count() > id.count())}
","XAD.9","AD.part[parttype = CNT | CPA]"
"Organization.address.state","Organization.address.state","","Province
Territory","",0,1,"","","Y","string {[]} {[]}
","國家的子單位（縮寫也可以）。原文為：Sub-unit of country (abbreviations ok)。","一個國家的子單位，在聯邦組織的國家中擁有有限的主權。如果代碼被普遍使用，可使用代碼（例如：美國2個字母的州代碼）。","","","","","","","","","",,,,,"",,,,"Address.state",0,1,"","ele-1:All FHIR elements must have a @value or children {hasValue() or (children().count() > id.count())}
","XAD.4","AD.part[parttype = STA]","./Region"
"Organization.address.postalCode","Organization.address.postalCode","","Zip
","",0,1,"Y","","Y","string {[]} {[]}
","郵遞區號","指定一個由郵政服務定義的區域之郵遞區號","","","","","","","<valueString xmlns=""http://hl7.org/fhir"" value=""9132""/>","","",,,,,"",,,,"Address.postalCode",0,1,"","ele-1:All FHIR elements must have a @value or children {hasValue() or (children().count() > id.count())}
","XAD.5","AD.part[parttype = ZIP]","./PostalIdentificationCode"
"Organization.address.postalCode.id","Organization.address.postalCode.id","","","",0,1,"","","","string {[]} {[]}
","xml：id（或JSON格式）。","resource中資料項目的唯一ID（用於內部參照）。這可以是任何不含空格的字串。","","","","","","","","","",,,,,"",,,,"Element.id",0,1,"",""
"Organization.address.postalCode.extension","Organization.address.postalCode.extension","","","",0,*,"","","","Extension {[]} {[]}
","擴充的資料項目","擴充的資料項目","","","","","","","","","",,,,,"","value:url}
","",,"open","Element.extension",0,*,"","ele-1:All FHIR elements must have a @value or children {hasValue() or (children().count() > id.count())}
ext-1:Must have either extensions or value[x], not both {extension.exists() != value.exists()}"
"Organization.address.postalCode.extension:PostalCode","Organization.address.postalCode.extension","PostalCode","","",0,1,"Y","","","Extension {[CanonicalType[https://twcore.mohw.gov.tw/ig/twcore/StructureDefinition/tw-postal-code]]} {[]}
","臺灣郵遞區號","臺灣郵遞區號","","","","","","","","","",,,,,"",,,,"Element.extension",0,*,"ele-1
","ele-1:All FHIR elements must have a @value or children {hasValue() or (children().count() > id.count())}
ext-1:Must have either extensions or value[x], not both {extension.exists() != value.exists()}"
"Organization.address.postalCode.extension:PostalCode.id","Organization.address.postalCode.extension.id","","","",0,1,"","","","string {[]} {[]}
","唯一可識別ID，以供資料項目間相互參照。","resource中資料項目的唯一ID（用於內部參照）。這可以是任何不含空格的字串。","","","","","","","","","",,,,,"",,,,"Element.id",0,1,"","","n/a"
"Organization.address.postalCode.extension:PostalCode.extension","Organization.address.postalCode.extension.extension","","","",0,0,"","","","Extension {[]} {[]}
","Extension","An Extension","","","","","","","","","",,,,,"","value:url}
","Extensions are always sliced by (at least) url",,"open","Element.extension",0,*,"","ele-1:All FHIR elements must have a @value or children {hasValue() or (children().count() > id.count())}
ext-1:Must have either extensions or value[x], not both {extension.exists() != value.exists()}"
"Organization.address.postalCode.extension:PostalCode.url","Organization.address.postalCode.extension.url","","","",1,1,"","","","uri {[]} {[]}
","擴充的資料項目名稱","擴充的資料項目之定義連結—一個邏輯名稱或URL","此定義可直接指向可計算的或人類可讀的擴充資料項目的定義，也可以是其他規範中聲明的邏輯URI。此定義**必須（SHALL）** 定義擴充的結構定義的URI。","","","","<valueUri xmlns=""http://hl7.org/fhir"" value=""https://twcore.mohw.gov.tw/ig/twcore/StructureDefinition/tw-postal-code""/>","","","","",,,,,"",,,,"Extension.url",1,1,"","","N/A"
"Organization.address.postalCode.extension:PostalCode.value[x]","Organization.address.postalCode.extension.value[x]","","","",0,1,"Y","","","CodeableConcept {[CanonicalType[https://twcore.mohw.gov.tw/ig/twcore/StructureDefinition/CodeableConcept-tw]]} {[]}
","擴充的資料項目的內容值","擴充的資料項目的內容值—必須是一組受限制的data type中的一個（清單請見[Extensibility](http://hl7.org/fhir/2021Mar/extensibility.html)）","並非所有的專門術語使用都符合這個一般模式。在某些情況下，資料模型不應該使用CodeableConcept，而應直接使用Coding，並提供他們自己的結構來管理文字、編碼、翻譯、資料項目之間的關係、先組合配對（pre-）和後組合配對（post-coordination）。","","","","","","","","",,,,,"",,,,"Extension.value[x]",0,1,"ele-1
","ele-1:All FHIR elements must have a @value or children {hasValue() or (children().count() > id.count())}
","CE/CNE/CWE","n/a","CD"
"Organization.address.postalCode.extension:PostalCode.value[x].id","Organization.address.postalCode.extension.value[x].id","","","",0,1,"","","","string {[]} {[]}
","唯一可識別ID，以供資料項目間相互參照。","resource中資料項目的唯一ID（用於內部參照）。這可以是任何不含空格的字串。","","","","","","","","","",,,,,"",,,,"Element.id",0,1,"","","n/a"
"Organization.address.postalCode.extension:PostalCode.value[x].extension","Organization.address.postalCode.extension.value[x].extension","","","",0,*,"","","","Extension {[]} {[]}
","Extension","可用於表示不屬於此資料項目基本定義的附加資訊。為了擴充的使用安全和可管理，對擴充的定義和使用有一套嚴格的管理。儘管任何實作者都可以定義一個擴充，但作為擴充定義的一部分，有一套要求 **必須（SHALL）** 滿足。","無論使用或定義擴充的機構或管轄區，任何應用程式、專案或標準使用擴充都不背負任何污名（stigma）。使用擴充是允許FHIR規範為每個人保留一個核心的簡易性。","","","","","","","","",,,,,"","value:url}
","Extensions are always sliced by (at least) url",,"open","Element.extension",0,*,"","ele-1:All FHIR elements must have a @value or children {hasValue() or (children().count() > id.count())}
ext-1:Must have either extensions or value[x], not both {extension.exists() != value.exists()}"
"Organization.address.postalCode.extension:PostalCode.value[x].coding","Organization.address.postalCode.extension.value[x].coding","","","",0,*,"Y","","","Coding {[CanonicalType[https://twcore.mohw.gov.tw/ig/twcore/StructureDefinition/Coding-tw]]} {[]}
","由專門術語系統（terminology system）定義的代碼","由專門術語系統（terminology system）所定義之代碼的參照","代碼可以在列舉清單（enumerations）或代碼清單（code lists）中非常隨意地定義，直至有非常正式的定義，例如：SNOMED CT—更多資訊見HL7 v3核心原則（Core Principles）。編碼的排序是未定義的因而 **必須沒有（SHALL NOT）** 被用來推斷意義。一般來說，最多只有一個編碼值（coding values）會被標記為UserSelected = true。","允許代碼系統中的替代編碼，以及翻譯到其他編碼系統。","","","","","","","",,,,,"","pattern:system}
","",,"open","CodeableConcept.coding",0,*,"ele-1
","ele-1:All FHIR elements must have a @value or children {hasValue() or (children().count() > id.count())}
","CE/CNE/CWE subset one of the sets of component 1-3 or 4-6","n/a","CV"
"Organization.address.postalCode.extension:PostalCode.value[x].coding:PostalCode3","Organization.address.postalCode.extension.value[x].coding","PostalCode3","","",0,1,"Y","","","Coding {[CanonicalType[https://twcore.mohw.gov.tw/ig/twcore/StructureDefinition/Coding-tw]]} {[]}
","由專門術語系統（terminology system）定義的代碼","由專門術語系統（terminology system）所定義之代碼的參照","代碼可以在列舉清單（enumerations）或代碼清單（code lists）中非常隨意地定義，直至有非常正式的定義，例如：SNOMED CT—更多資訊見HL7 v3核心原則（Core Principles）。編碼的排序是未定義的因而 **必須沒有（SHALL NOT）** 被用來推斷意義。一般來說，最多只有一個編碼值（coding values）會被標記為UserSelected = true。","允許代碼系統中的替代編碼，以及翻譯到其他編碼系統。","","","","","","","",,"required","應填入所綁定值集中的其中一個代碼","https://twcore.mohw.gov.tw/ig/twcore/ValueSet/postal-code3-tw","",,,,"CodeableConcept.coding",0,*,"ele-1
","ele-1:All FHIR elements must have a @value or children {hasValue() or (children().count() > id.count())}
","CE/CNE/CWE subset one of the sets of component 1-3 or 4-6","n/a","CV"
"Organization.address.postalCode.extension:PostalCode.value[x].coding:PostalCode3.id","Organization.address.postalCode.extension.value[x].coding.id","","","",0,1,"","","","string {[]} {[]}
","唯一可識別ID，以供資料項目間相互參照。","resource中資料項目的唯一ID（用於內部參照）。這可以是任何不含空格的字串。","","","","","","","","","",,,,,"",,,,"Element.id",0,1,"","","n/a"
"Organization.address.postalCode.extension:PostalCode.value[x].coding:PostalCode3.extension","Organization.address.postalCode.extension.value[x].coding.extension","","","",0,*,"","","","Extension {[]} {[]}
","擴充的資料項目","可用於表示不屬於此資料項目基本定義的附加資訊。為了擴充的使用安全和可管理，對擴充的定義和使用有一套嚴格的管理。儘管任何實作者都可以定義一個擴充，但作為擴充定義的一部分，有一套要求 **必須（SHALL）** 滿足。","無論使用或定義擴充的機構或管轄區，任何應用程式、專案或標準使用擴充都不背負任何污名（stigma）。使用擴充是允許FHIR規範為每個人保留一個核心的簡易性。","","","","","","","","",,,,,"","value:url}
","Extensions are always sliced by (at least) url",,"open","Element.extension",0,*,"","ele-1:All FHIR elements must have a @value or children {hasValue() or (children().count() > id.count())}
ext-1:Must have either extensions or value[x], not both {extension.exists() != value.exists()}"
"Organization.address.postalCode.extension:PostalCode.value[x].coding:PostalCode3.system","Organization.address.postalCode.extension.value[x].coding.system","","","",1,1,"Y","","Y","uri {[]} {[]}
","專門術語系統（terminology system）的識別","定義代碼中符號意義的代碼系統識別","URI可以是一個OID（urn:oid:...）或一個UUID（urn:uuid:...）；OID和UUID **必須（SHALL）** 參照HL7 OID註冊中心；否則，URI應該來自HL7的FHIR定義的特殊URI列表，或者它應該參照一些明確建立的系统定義。","需要明確說明符號定義的來源","","","","<valueUri xmlns=""http://hl7.org/fhir"" value=""https://twcore.mohw.gov.tw/ig/twcore/CodeSystem/postal-code3-tw""/>","","","",,,,,"",,,,"Coding.system",0,1,"","ele-1:All FHIR elements must have a @value or children {hasValue() or (children().count() > id.count())}
","C*E.3","./codeSystem"
"Organization.address.postalCode.extension:PostalCode.value[x].coding:PostalCode3.version","Organization.address.postalCode.extension.value[x].coding.version","","","",0,1,"","","Y","string {[]} {[]}
","系統的版本—如果相關的話","選擇此代碼時使用的代碼系統版本；請注意，一個維護良好的代碼系統不需要版本報告，因為代碼的意義在不同系統版本中是一致的；然而，不能始終保證這點，當不能保證意義一致時， **必須（SHALL）** 將版本資訊也一併作交換。","如果專門術語沒有明確定義應該使用什麼字串來識別代碼系統的版本，建議使用版本正式發布的日期（用FHIR日期格式表示）作為版本日期。","","","","","","","","",,,,,"",,,,"Coding.version",0,1,"","ele-1:All FHIR elements must have a @value or children {hasValue() or (children().count() > id.count())}
","C*E.7","./codeSystemVersion"
"Organization.address.postalCode.extension:PostalCode.value[x].coding:PostalCode3.code","Organization.address.postalCode.extension.value[x].coding.code","","","",1,1,"Y","","Y","code {[]} {[]}
","系統定義的語法之符號","系統定義的語法之符號；符號可能是一個預先定義的代碼，也可能是代碼系統定義的語法中的表達式（如後組合配對／後組合式）。","","需要參照系統中的一個特定代碼","","","","","","","",,,,,"",,,,"Coding.code",0,1,"","ele-1:All FHIR elements must have a @value or children {hasValue() or (children().count() > id.count())}
","C*E.1","./code"
"Organization.address.postalCode.extension:PostalCode.value[x].coding:PostalCode3.display","Organization.address.postalCode.extension.value[x].coding.display","","","",0,1,"Y","","Y","string {[]} {[]}
","由系統定義的表示法","遵循系統的規則以呈現代碼含義的表示法","","需要能為不了解此系統的讀者呈現可讀的代碼含義","","","","","","","",,,,,"",,,,"Coding.display",0,1,"","ele-1:All FHIR elements must have a @value or children {hasValue() or (children().count() > id.count())}
","C*E.2 - but note this is not well followed","CV.displayName"
"Organization.address.postalCode.extension:PostalCode.value[x].coding:PostalCode3.userSelected","Organization.address.postalCode.extension.value[x].coding.userSelected","","","",0,1,"","","Y","boolean {[]} {[]}
","此編碼是否由使用者直接選擇？","表明此編碼是由使用者直接選擇，例如：從可用項目（代碼或顯示名稱）的清單中選擇。","在一系列備選方案中，直接選擇的代碼是新翻譯最合適的起點；關於「直接選擇」的確切意義，存在模糊不清之處，可能需要貿易夥伴的同意，以更完整澄清此資料項目的使用及其後果。","已被確定為一個臨床安全準則—此確切的系統／代碼對(code pair)是被明確選擇的，而不是由系統根據一些規則或是程式語言處理判斷。","","","","","","","",,,,,"",,,,"Coding.userSelected",0,1,"","ele-1:All FHIR elements must have a @value or children {hasValue() or (children().count() > id.count())}
","Sometimes implied by being first","CD.codingRationale"
"Organization.address.postalCode.extension:PostalCode.value[x].coding:PostalCode5","Organization.address.postalCode.extension.value[x].coding","PostalCode5","","",0,1,"Y","","","Coding {[CanonicalType[https://twcore.mohw.gov.tw/ig/twcore/StructureDefinition/Coding-tw]]} {[]}
","由專門術語系統（terminology system）定義的代碼","由專門術語系統（terminology system）所定義之代碼的參照","代碼可以在列舉清單（enumerations）或代碼清單（code lists）中非常隨意地定義，直至有非常正式的定義，例如：SNOMED CT—更多資訊見HL7 v3核心原則（Core Principles）。編碼的排序是未定義的因而 **必須沒有（SHALL NOT）** 被用來推斷意義。一般來說，最多只有一個編碼值（coding values）會被標記為UserSelected = true。","允許代碼系統中的替代編碼，以及翻譯到其他編碼系統。","","","","","","","",,"required","應填入所綁定值集中的其中一個代碼","https://twcore.mohw.gov.tw/ig/twcore/ValueSet/postal-code5-tw","",,,,"CodeableConcept.coding",0,*,"ele-1
","ele-1:All FHIR elements must have a @value or children {hasValue() or (children().count() > id.count())}
","CE/CNE/CWE subset one of the sets of component 1-3 or 4-6","n/a","CV"
"Organization.address.postalCode.extension:PostalCode.value[x].coding:PostalCode5.id","Organization.address.postalCode.extension.value[x].coding.id","","","",0,1,"","","","string {[]} {[]}
","唯一可識別ID，以供資料項目間相互參照。","resource中資料項目的唯一ID（用於內部參照）。這可以是任何不含空格的字串。","","","","","","","","","",,,,,"",,,,"Element.id",0,1,"","","n/a"
"Organization.address.postalCode.extension:PostalCode.value[x].coding:PostalCode5.extension","Organization.address.postalCode.extension.value[x].coding.extension","","","",0,*,"","","","Extension {[]} {[]}
","擴充的資料項目","可用於表示不屬於此資料項目基本定義的附加資訊。為了擴充的使用安全和可管理，對擴充的定義和使用有一套嚴格的管理。儘管任何實作者都可以定義一個擴充，但作為擴充定義的一部分，有一套要求 **必須（SHALL）** 滿足。","無論使用或定義擴充的機構或管轄區，任何應用程式、專案或標準使用擴充都不背負任何污名（stigma）。使用擴充是允許FHIR規範為每個人保留一個核心的簡易性。","","","","","","","","",,,,,"","value:url}
","Extensions are always sliced by (at least) url",,"open","Element.extension",0,*,"","ele-1:All FHIR elements must have a @value or children {hasValue() or (children().count() > id.count())}
ext-1:Must have either extensions or value[x], not both {extension.exists() != value.exists()}"
"Organization.address.postalCode.extension:PostalCode.value[x].coding:PostalCode5.system","Organization.address.postalCode.extension.value[x].coding.system","","","",1,1,"Y","","Y","uri {[]} {[]}
","專門術語系統（terminology system）的識別","定義代碼中符號意義的代碼系統識別","URI可以是一個OID（urn:oid:...）或一個UUID（urn:uuid:...）；OID和UUID **必須（SHALL）** 參照HL7 OID註冊中心；否則，URI應該來自HL7的FHIR定義的特殊URI列表，或者它應該參照一些明確建立的系统定義。","需要明確說明符號定義的來源","","","","<valueUri xmlns=""http://hl7.org/fhir"" value=""https://twcore.mohw.gov.tw/ig/twcore/CodeSystem/postal-code5-tw""/>","","","",,,,,"",,,,"Coding.system",0,1,"","ele-1:All FHIR elements must have a @value or children {hasValue() or (children().count() > id.count())}
","C*E.3","./codeSystem"
"Organization.address.postalCode.extension:PostalCode.value[x].coding:PostalCode5.version","Organization.address.postalCode.extension.value[x].coding.version","","","",0,1,"","","Y","string {[]} {[]}
","系統的版本—如果相關的話","選擇此代碼時使用的代碼系統版本；請注意，一個維護良好的代碼系統不需要版本報告，因為代碼的意義在不同系統版本中是一致的；然而，不能始終保證這點，當不能保證意義一致時， **必須（SHALL）** 將版本資訊也一併作交換。","如果專門術語沒有明確定義應該使用什麼字串來識別代碼系統的版本，建議使用版本正式發布的日期（用FHIR日期格式表示）作為版本日期。","","","","","","","","",,,,,"",,,,"Coding.version",0,1,"","ele-1:All FHIR elements must have a @value or children {hasValue() or (children().count() > id.count())}
","C*E.7","./codeSystemVersion"
"Organization.address.postalCode.extension:PostalCode.value[x].coding:PostalCode5.code","Organization.address.postalCode.extension.value[x].coding.code","","","",1,1,"Y","","Y","code {[]} {[]}
","系統定義的語法之符號","系統定義的語法之符號；符號可能是一個預先定義的代碼，也可能是代碼系統定義的語法中的表達式（如後組合配對／後組合式）。","","需要參照系統中的一個特定代碼","","","","","","","",,,,,"",,,,"Coding.code",0,1,"","ele-1:All FHIR elements must have a @value or children {hasValue() or (children().count() > id.count())}
","C*E.1","./code"
"Organization.address.postalCode.extension:PostalCode.value[x].coding:PostalCode5.display","Organization.address.postalCode.extension.value[x].coding.display","","","",0,1,"Y","","Y","string {[]} {[]}
","由系統定義的表示法","遵循系統的規則以呈現代碼含義的表示法","","需要能為不了解此系統的讀者呈現可讀的代碼含義","","","","","","","",,,,,"",,,,"Coding.display",0,1,"","ele-1:All FHIR elements must have a @value or children {hasValue() or (children().count() > id.count())}
","C*E.2 - but note this is not well followed","CV.displayName"
"Organization.address.postalCode.extension:PostalCode.value[x].coding:PostalCode5.userSelected","Organization.address.postalCode.extension.value[x].coding.userSelected","","","",0,1,"","","Y","boolean {[]} {[]}
","此編碼是否由使用者直接選擇？","表明此編碼是由使用者直接選擇，例如：從可用項目（代碼或顯示名稱）的清單中選擇。","在一系列備選方案中，直接選擇的代碼是新翻譯最合適的起點；關於「直接選擇」的確切意義，存在模糊不清之處，可能需要貿易夥伴的同意，以更完整澄清此資料項目的使用及其後果。","已被確定為一個臨床安全準則—此確切的系統／代碼對(code pair)是被明確選擇的，而不是由系統根據一些規則或是程式語言處理判斷。","","","","","","","",,,,,"",,,,"Coding.userSelected",0,1,"","ele-1:All FHIR elements must have a @value or children {hasValue() or (children().count() > id.count())}
","Sometimes implied by being first","CD.codingRationale"
"Organization.address.postalCode.extension:PostalCode.value[x].coding:PostalCode6","Organization.address.postalCode.extension.value[x].coding","PostalCode6","","",0,1,"Y","","","Coding {[CanonicalType[https://twcore.mohw.gov.tw/ig/twcore/StructureDefinition/Coding-tw]]} {[]}
","由專門術語系統（terminology system）定義的代碼","由專門術語系統（terminology system）所定義之代碼的參照","代碼可以在列舉清單（enumerations）或代碼清單（code lists）中非常隨意地定義，直至有非常正式的定義，例如：SNOMED CT—更多資訊見HL7 v3核心原則（Core Principles）。編碼的排序是未定義的因而 **必須沒有（SHALL NOT）** 被用來推斷意義。一般來說，最多只有一個編碼值（coding values）會被標記為UserSelected = true。","允許代碼系統中的替代編碼，以及翻譯到其他編碼系統。","","","","","","","",,"required","應填入所綁定值集中的其中一個代碼","https://twcore.mohw.gov.tw/ig/twcore/ValueSet/postal-code6-tw","",,,,"CodeableConcept.coding",0,*,"ele-1
","ele-1:All FHIR elements must have a @value or children {hasValue() or (children().count() > id.count())}
","CE/CNE/CWE subset one of the sets of component 1-3 or 4-6","n/a","CV"
"Organization.address.postalCode.extension:PostalCode.value[x].coding:PostalCode6.id","Organization.address.postalCode.extension.value[x].coding.id","","","",0,1,"","","","string {[]} {[]}
","唯一可識別ID，以供資料項目間相互參照。","resource中資料項目的唯一ID（用於內部參照）。這可以是任何不含空格的字串。","","","","","","","","","",,,,,"",,,,"Element.id",0,1,"","","n/a"
"Organization.address.postalCode.extension:PostalCode.value[x].coding:PostalCode6.extension","Organization.address.postalCode.extension.value[x].coding.extension","","","",0,*,"","","","Extension {[]} {[]}
","擴充的資料項目","可用於表示不屬於此資料項目基本定義的附加資訊。為了擴充的使用安全和可管理，對擴充的定義和使用有一套嚴格的管理。儘管任何實作者都可以定義一個擴充，但作為擴充定義的一部分，有一套要求 **必須（SHALL）** 滿足。","無論使用或定義擴充的機構或管轄區，任何應用程式、專案或標準使用擴充都不背負任何污名（stigma）。使用擴充是允許FHIR規範為每個人保留一個核心的簡易性。","","","","","","","","",,,,,"","value:url}
","Extensions are always sliced by (at least) url",,"open","Element.extension",0,*,"","ele-1:All FHIR elements must have a @value or children {hasValue() or (children().count() > id.count())}
ext-1:Must have either extensions or value[x], not both {extension.exists() != value.exists()}"
"Organization.address.postalCode.extension:PostalCode.value[x].coding:PostalCode6.system","Organization.address.postalCode.extension.value[x].coding.system","","","",1,1,"Y","","Y","uri {[]} {[]}
","專門術語系統（terminology system）的識別","定義代碼中符號意義的代碼系統識別","URI可以是一個OID（urn:oid:...）或一個UUID（urn:uuid:...）；OID和UUID **必須（SHALL）** 參照HL7 OID註冊中心；否則，URI應該來自HL7的FHIR定義的特殊URI列表，或者它應該參照一些明確建立的系统定義。","需要明確說明符號定義的來源","","","","<valueUri xmlns=""http://hl7.org/fhir"" value=""https://twcore.mohw.gov.tw/ig/twcore/CodeSystem/postal-code6-tw""/>","","","",,,,,"",,,,"Coding.system",0,1,"","ele-1:All FHIR elements must have a @value or children {hasValue() or (children().count() > id.count())}
","C*E.3","./codeSystem"
"Organization.address.postalCode.extension:PostalCode.value[x].coding:PostalCode6.version","Organization.address.postalCode.extension.value[x].coding.version","","","",0,1,"","","Y","string {[]} {[]}
","系統的版本—如果相關的話","選擇此代碼時使用的代碼系統版本；請注意，一個維護良好的代碼系統不需要版本報告，因為代碼的意義在不同系統版本中是一致的；然而，不能始終保證這點，當不能保證意義一致時， **必須（SHALL）** 將版本資訊也一併作交換。","如果專門術語沒有明確定義應該使用什麼字串來識別代碼系統的版本，建議使用版本正式發布的日期（用FHIR日期格式表示）作為版本日期。","","","","","","","","",,,,,"",,,,"Coding.version",0,1,"","ele-1:All FHIR elements must have a @value or children {hasValue() or (children().count() > id.count())}
","C*E.7","./codeSystemVersion"
"Organization.address.postalCode.extension:PostalCode.value[x].coding:PostalCode6.code","Organization.address.postalCode.extension.value[x].coding.code","","","",1,1,"Y","","Y","code {[]} {[]}
","系統定義的語法之符號","系統定義的語法之符號；符號可能是一個預先定義的代碼，也可能是代碼系統定義的語法中的表達式（如後組合配對／後組合式）。","","需要參照系統中的一個特定代碼","","","","","","","",,,,,"",,,,"Coding.code",0,1,"","ele-1:All FHIR elements must have a @value or children {hasValue() or (children().count() > id.count())}
","C*E.1","./code"
"Organization.address.postalCode.extension:PostalCode.value[x].coding:PostalCode6.display","Organization.address.postalCode.extension.value[x].coding.display","","","",0,1,"Y","","Y","string {[]} {[]}
","由系統定義的表示法","遵循系統的規則以呈現代碼含義的表示法","","需要能為不了解此系統的讀者呈現可讀的代碼含義","","","","","","","",,,,,"",,,,"Coding.display",0,1,"","ele-1:All FHIR elements must have a @value or children {hasValue() or (children().count() > id.count())}
","C*E.2 - but note this is not well followed","CV.displayName"
"Organization.address.postalCode.extension:PostalCode.value[x].coding:PostalCode6.userSelected","Organization.address.postalCode.extension.value[x].coding.userSelected","","","",0,1,"","","Y","boolean {[]} {[]}
","此編碼是否由使用者直接選擇？","表明此編碼是由使用者直接選擇，例如：從可用項目（代碼或顯示名稱）的清單中選擇。","在一系列備選方案中，直接選擇的代碼是新翻譯最合適的起點；關於「直接選擇」的確切意義，存在模糊不清之處，可能需要貿易夥伴的同意，以更完整澄清此資料項目的使用及其後果。","已被確定為一個臨床安全準則—此確切的系統／代碼對(code pair)是被明確選擇的，而不是由系統根據一些規則或是程式語言處理判斷。","","","","","","","",,,,,"",,,,"Coding.userSelected",0,1,"","ele-1:All FHIR elements must have a @value or children {hasValue() or (children().count() > id.count())}
","Sometimes implied by being first","CD.codingRationale"
"Organization.address.postalCode.extension:PostalCode.value[x].text","Organization.address.postalCode.extension.value[x].text","","","",0,1,"Y","","Y","string {[]} {[]}
","概念的文字表示法","輸入資料的使用者所見／所選／所說的人類可讀文字表述，和（或）其代表使用者的預期含義。","很多時候，此文字表述與其中一個代碼的顯示名稱相同。","專門術語中的代碼並不總是能捕捉人類使用的細微差別的正確意義，或者根本就沒有合適的代碼；這些情況下，文字表述被用來捕捉來源的全部意義。","","","","","","","",,,,,"",,,,"CodeableConcept.text",0,1,"","ele-1:All FHIR elements must have a @value or children {hasValue() or (children().count() > id.count())}
","C*E.9. But note many systems use C*E.2 for this","./originalText[mediaType/code=""text/plain""]/data"
"Organization.address.postalCode.value","Organization.address.postalCode.value","","","",0,1,"","","","string {[]} {[]}
","郵遞區號","實際值","","","","","","","","","",1048576,,,,"",,,,"string.value",0,1,"",""
"Organization.address.country","Organization.address.country","","","",0,1,"Y","","Y","string {[]} {[]}
","國家（例如：ISO 3166的2個或3個字母代碼）。","國家—通常被理解為或普遍被接受的一個國家。","可用ISO 3166的3個字母代碼來代替人類可讀的國家名","","","","","","","","",,,,,"",,,,"Address.country",0,1,"","ele-1:All FHIR elements must have a @value or children {hasValue() or (children().count() > id.count())}
","XAD.6","AD.part[parttype = CNT]","./Country"
"Organization.address.period","Organization.address.period","","","",0,1,"","","Y","Period {[]} {[]}
","此地址曾經／正在使用的時間區間","此地址曾經／正在使用的時間區間","","允許將地址依時間排放","","","","","<valuePeriod xmlns=""http://hl7.org/fhir"">
  <start value=""2010-03-23""/>
  <end value=""2010-07-01""/>
</valuePeriod>","","",,,,,"",,,,"Address.period",0,1,"","ele-1:All FHIR elements must have a @value or children {hasValue() or (children().count() > id.count())}
","XAD.12 / XAD.13 + XAD.14","./usablePeriod[type=""IVL<TS>""]","./StartDate and ./EndDate"
"Organization.partOf","Organization.partOf","","","",0,1,"","","Y","Reference {[]} {[CanonicalType[https://twcore.mohw.gov.tw/ig/twcore/StructureDefinition/Organization-twcore]]}
","此機構屬於哪個更高層次機構的一部分","此機構屬於哪個更高層次機構的一部分","","需要能夠追踪一個機構內的機構層次結構","","","","","","","",,,,,"",,,,"Organization.partOf",0,1,"","ele-1:All FHIR elements must have a @value or children {hasValue() or (children().count() > id.count())}
","No equivalent in HL7 v2",".playedBy[classCode=Part].scoper","n/a"
"Organization.contact","Organization.contact","","","",0,*,"Y","","","BackboneElement {[]} {[]}
","某一用途的機構聯絡方式","某一用途的機構聯絡方式","如果為同一個用途提供多個聯絡方式，則可有一個擴充的資料項目用以決定哪一個優先聯絡。","需要在更大的機構內追踪用的指定聯絡方式","","","","","","","",,,,,"",,,,"Organization.contact",0,*,"","ele-1:All FHIR elements must have a @value or children {hasValue() or (children().count() > id.count())}
",".contactParty"
"Organization.contact.id","Organization.contact.id","","","",0,1,"","","","string {[]} {[]}
","唯一可識別ID，以供資料項目間相互參照。","resource中資料項目的唯一ID（用於內部參照）。這可以是任何不含空格的字串。","","","","","","","","","",,,,,"",,,,"Element.id",0,1,"","","n/a"
"Organization.contact.extension","Organization.contact.extension","","","",0,*,"","","","Extension {[]} {[]}
","擴充的資料項目","可用於表示不屬於此資料項目基本定義的附加資訊。為了擴充的使用安全和可管理，對擴充的定義和使用有一套嚴格的管理。儘管任何實作者都可以定義一個擴充，但作為擴充定義的一部分，有一套要求 **必須（SHALL）** 滿足。","無論使用或定義擴充的機構或管轄區，任何應用程式、專案或標準使用擴充都不背負任何污名（stigma）。使用擴充是允許FHIR規範為每個人保留一個核心的簡易性。","","","","","","","","",,,,,"",,,,"Element.extension",0,*,"","ele-1:All FHIR elements must have a @value or children {hasValue() or (children().count() > id.count())}
ext-1:Must have either extensions or value[x], not both {extension.exists() != value.exists()}"
"Organization.contact.modifierExtension","Organization.contact.modifierExtension","","","",0,*,"","Y","Y","Extension {[]} {[]}
","此擴充的資料項目可能會完全修正或改變其他資料項目的意涵，需特別留意。","可以用來表示不屬於資料項目的基本定義的附加資訊，並且修改對它所內嵌（contained）的資料項目的理解和／或對包含資料項目之後續使用的理解。通常，修飾用的資料項目提供否定或限定。為了使擴充的使用安全和可管理，對擴充的定義和使用有一套嚴格的管理。儘管任何實作者都可以定義一個擴充，但作為擴充定義的一部分，有一組要求 **必須（SHALL）** 滿足。處理resource的應用程式被要求檢查修飾用的擴充資料項目。

修飾用的擴充資料項目 **必須沒有（SHALL NOT）** 改變resource或DomainResource上任何資料項目的含義（包括不能改變modifierExtension本身的含義）。","無論使用或定義擴充的機構或管轄區，任何應用程式、專案或標準使用擴充都不背負任何污名（stigma）。使用擴充是允許FHIR規範為每個人保留一個核心的簡易性。","修飾用的資料項目擴充將不能安全地忽略的擴充與絕大多數可以安全地忽略的擴充明確區分開來。透過消除禁止實作者擴充存在的需求來促進可互操作性。更多訊息，請參見修飾用的資料項目擴充之定義。","","","","","","","",,,,,"",,,,"BackboneElement.modifierExtension",0,*,"","ele-1:All FHIR elements must have a @value or children {hasValue() or (children().count() > id.count())}
ext-1:Must have either extensions or value[x], not both {extension.exists() != value.exists()}"
"Organization.contact.purpose","Organization.contact.purpose","","","",0,1,"","","","CodeableConcept {[CanonicalType[https://twcore.mohw.gov.tw/ig/twcore/StructureDefinition/CodeableConcept-tw]]} {[]}
","聯絡的型別","表明可聯絡到此聯絡人的聯絡方式之用途","Not all terminology uses fit this general pattern. In some cases, models should not use CodeableConcept and use Coding directly and provide their own structure for managing text, codings, translations and the relationship between elements and pre- and post-coordination.","需要對多個聯絡人進行區分","","","","","","","",,"extensible","你所聯絡之聯絡人的聯絡方式用途；應填入所綁定值集中適合的代碼，確定無適合的代碼才可以使用其他值集的代碼來表示。","http://hl7.org/fhir/ValueSet/contactentity-type","",,,,"Organization.contact.purpose",0,1,"ele-1
","ele-1:All FHIR elements must have a @value or children {hasValue() or (children().count() > id.count())}
","CE/CNE/CWE","n/a","CD"
"Organization.contact.name","Organization.contact.name","","","",0,1,"","","","HumanName {[]} {[]}
","聯絡人名字","聯絡人名字","","需能透過名字來追綜此聯絡人","","","","","","","",,,,,"",,,,"Organization.contact.name",0,1,"","ele-1:All FHIR elements must have a @value or children {hasValue() or (children().count() > id.count())}
","PID-5, PID-9","./name"
"Organization.contact.telecom","Organization.contact.telecom","","","",0,*,"","","","ContactPoint {[]} {[]}
","聯絡人的詳細聯絡方式（例如：電話、電子郵件等）。","可與此人聯絡的詳細聯絡方式（如電話或電子郵件地址等）","","人們有（主要）方式與他們聯絡，如電話、電子郵件。","","","","","","","",,,,,"",,,,"Organization.contact.telecom",0,*,"","ele-1:All FHIR elements must have a @value or children {hasValue() or (children().count() > id.count())}
","PID-13, PID-14","./telecom"
"Organization.contact.address","Organization.contact.address","","","",0,1,"","","","Address {[CanonicalType[https://twcore.mohw.gov.tw/ig/twcore/StructureDefinition/Address-tw]]} {[]}
","聯絡人的到訪或郵政地址","可到訪及郵寄聯絡人的地址","注意：地址的目的是描述用於管理目的之郵政地址，而不是描述絕對的地理座標。郵政地址經常被用作實體位置的代表（亦可見[Location](http://hl7.org/fhir/R4/location.html#)resource）。","為了聯絡、計費或通報要求而可能需要追踪機構的地址","","","","","","","",,,,,"",,,,"Organization.contact.address",0,1,"ele-1
","ele-1:All FHIR elements must have a @value or children {hasValue() or (children().count() > id.count())}
","XAD","n/a","AD","Address"
"Organization.endpoint","Organization.endpoint","","","",0,*,"","","","Reference {[]} {[CanonicalType[http://hl7.org/fhir/StructureDefinition/Endpoint]]}
","存取此Organization的技術服務的終端（endpoints）","存取此Organization的技術服務的終端（endpoints）","","機構有多個提供各種服務的系統，需要能夠定義技術連接的細節，如何連接到這些系統，以及為了什麼目的。","","","","","","","",,,,,"",,,,"Organization.endpoint",0,*,"","ele-1:All FHIR elements must have a @value or children {hasValue() or (children().count() > id.count())}
","n/a"
