"Id","Path","Slice Name","Alias(s)","Label","Min","Max","Must Support?","Is Modifier?","Is Summary?","Type(s)","Short","Definition","Comments","Requirements","Default Value","Meaning When Missing","Fixed Value","Pattern","Example","Minimum Value","Maximum Value","Maximum Length","Binding Strength","Binding Description","Binding Value Set","Code","Slicing Discriminator","Slicing Description","Slicing Ordered","Slicing Rules","Base Path","Base Min","Base Max","Condition(s)","Constraint(s)"
"LTCCMSModel","LTCCMSModel","","","",0,*,"","","","null {[]} {[]}
","照顧管理評估量表邏輯模型","此邏輯模型以衛生福利部長期照顧管理中心照顧管理評估量表為基礎，用以描述照顧管理評估量表的資料結構與欄位準備指引。","","","","","","","","","",,,,,"",,,,"Base",0,*,"",""
"LTCCMSModel.hospital","LTCCMSModel.hospital","","","",1,1,"","","","BackboneElement {[]} {[]}
","醫事機構基本資料","填寫評估的醫事機構相關資訊","","","","","","","","","",,,,,"",,,,"LTCCMSModel.hospital",1,1,"","ele-1:All FHIR elements must have a @value or children {hasValue() or (children().count() > id.count())}
"
"LTCCMSModel.hospital.id","LTCCMSModel.hospital.id","","","",0,1,"","","","string {[]} {[]}
","Unique id for inter-element referencing","Unique id for the element within a resource (for internal references). This may be any string value that does not contain spaces.","","","","","","","","","",,,,,"",,,,"Element.id",0,1,"",""
"LTCCMSModel.hospital.extension","LTCCMSModel.hospital.extension","","extensions
user content","",0,*,"","","","Extension {[]} {[]}
","Additional content defined by implementations","May be used to represent additional information that is not part of the basic definition of the element. To make the use of extensions safe and manageable, there is a strict set of governance  applied to the definition and use of extensions. Though any implementer can define an extension, there is a set of requirements that SHALL be met as part of the definition of the extension.","There can be no stigma associated with the use of extensions by any application, project, or standard - regardless of the institution or jurisdiction that uses or defines the extensions.  The use of extensions is what allows the FHIR specification to retain a core level of simplicity for everyone.","","","","","","","","",,,,,"","value:url}
","Extensions are always sliced by (at least) url",,"open","Element.extension",0,*,"","ele-1:All FHIR elements must have a @value or children {hasValue() or (children().count() > id.count())}
ext-1:Must have either extensions or value[x], not both {extension.exists() != value.exists()}"
"LTCCMSModel.hospital.modifierExtension","LTCCMSModel.hospital.modifierExtension","","extensions
user contentmodifiers","",0,*,"","Y","Y","Extension {[]} {[]}
","Extensions that cannot be ignored even if unrecognized","May be used to represent additional information that is not part of the basic definition of the element and that modifies the understanding of the element in which it is contained and/or the understanding of the containing element's descendants. Usually modifier elements provide negation or qualification. To make the use of extensions safe and manageable, there is a strict set of governance applied to the definition and use of extensions. Though any implementer can define an extension, there is a set of requirements that SHALL be met as part of the definition of the extension. Applications processing a resource are required to check for modifier extensions.

Modifier extensions SHALL NOT change the meaning of any elements on Resource or DomainResource (including cannot change the meaning of modifierExtension itself).","There can be no stigma associated with the use of extensions by any application, project, or standard - regardless of the institution or jurisdiction that uses or defines the extensions.  The use of extensions is what allows the FHIR specification to retain a core level of simplicity for everyone.","Modifier extensions allow for extensions that *cannot* be safely ignored to be clearly distinguished from the vast majority of extensions which can be safely ignored.  This promotes interoperability by eliminating the need for implementers to prohibit the presence of extensions. For further information, see the [definition of modifier extensions](http://hl7.org/fhir/R4/extensibility.html#modifierExtension).","","","","","","","",,,,,"",,,,"BackboneElement.modifierExtension",0,*,"","ele-1:All FHIR elements must have a @value or children {hasValue() or (children().count() > id.count())}
ext-1:Must have either extensions or value[x], not both {extension.exists() != value.exists()}"
"LTCCMSModel.hospital.hospitalId","LTCCMSModel.hospital.hospitalId","","","",1,1,"","","","string {[]} {[]}
","醫事機構代碼","醫事機構的唯一識別碼","","","","","","","","","",,,,,"",,,,"LTCCMSModel.hospital.hospitalId",1,1,"",""
"LTCCMSModel.hospital.hospitalName","LTCCMSModel.hospital.hospitalName","","","",1,1,"","","","string {[]} {[]}
","醫事機構名稱","醫事機構的正式名稱","","","","","","","","","",,,,,"",,,,"LTCCMSModel.hospital.hospitalName",1,1,"",""
"LTCCMSModel.hospital.address","LTCCMSModel.hospital.address","","","",1,1,"","","","string {[]} {[]}
","醫事機構地址","醫事機構的完整地址","","","","","","","","","",,,,,"",,,,"LTCCMSModel.hospital.address",1,1,"",""
"LTCCMSModel.hospital.phone","LTCCMSModel.hospital.phone","","","",0,1,"","","","string {[]} {[]}
","醫事機構電話","醫事機構的聯絡電話","","","","","","","","","",,,,,"",,,,"LTCCMSModel.hospital.phone",0,1,"",""
"LTCCMSModel.hospital.email","LTCCMSModel.hospital.email","","","",0,1,"","","","string {[]} {[]}
","醫事機構電子郵件","醫事機構的電子郵件地址","","","","","","","","","",,,,,"",,,,"LTCCMSModel.hospital.email",0,1,"",""
"LTCCMSModel.patient","LTCCMSModel.patient","","","",1,1,"","","","BackboneElement {[]} {[]}
","個案基本資料","接受評估的個案相關資訊","","","","","","","","","",,,,,"",,,,"LTCCMSModel.patient",1,1,"","ele-1:All FHIR elements must have a @value or children {hasValue() or (children().count() > id.count())}
"
"LTCCMSModel.patient.id","LTCCMSModel.patient.id","","","",0,1,"","","","string {[]} {[]}
","Unique id for inter-element referencing","Unique id for the element within a resource (for internal references). This may be any string value that does not contain spaces.","","","","","","","","","",,,,,"",,,,"Element.id",0,1,"",""
"LTCCMSModel.patient.extension","LTCCMSModel.patient.extension","","extensions
user content","",0,*,"","","","Extension {[]} {[]}
","Additional content defined by implementations","May be used to represent additional information that is not part of the basic definition of the element. To make the use of extensions safe and manageable, there is a strict set of governance  applied to the definition and use of extensions. Though any implementer can define an extension, there is a set of requirements that SHALL be met as part of the definition of the extension.","There can be no stigma associated with the use of extensions by any application, project, or standard - regardless of the institution or jurisdiction that uses or defines the extensions.  The use of extensions is what allows the FHIR specification to retain a core level of simplicity for everyone.","","","","","","","","",,,,,"","value:url}
","Extensions are always sliced by (at least) url",,"open","Element.extension",0,*,"","ele-1:All FHIR elements must have a @value or children {hasValue() or (children().count() > id.count())}
ext-1:Must have either extensions or value[x], not both {extension.exists() != value.exists()}"
"LTCCMSModel.patient.modifierExtension","LTCCMSModel.patient.modifierExtension","","extensions
user contentmodifiers","",0,*,"","Y","Y","Extension {[]} {[]}
","Extensions that cannot be ignored even if unrecognized","May be used to represent additional information that is not part of the basic definition of the element and that modifies the understanding of the element in which it is contained and/or the understanding of the containing element's descendants. Usually modifier elements provide negation or qualification. To make the use of extensions safe and manageable, there is a strict set of governance applied to the definition and use of extensions. Though any implementer can define an extension, there is a set of requirements that SHALL be met as part of the definition of the extension. Applications processing a resource are required to check for modifier extensions.

Modifier extensions SHALL NOT change the meaning of any elements on Resource or DomainResource (including cannot change the meaning of modifierExtension itself).","There can be no stigma associated with the use of extensions by any application, project, or standard - regardless of the institution or jurisdiction that uses or defines the extensions.  The use of extensions is what allows the FHIR specification to retain a core level of simplicity for everyone.","Modifier extensions allow for extensions that *cannot* be safely ignored to be clearly distinguished from the vast majority of extensions which can be safely ignored.  This promotes interoperability by eliminating the need for implementers to prohibit the presence of extensions. For further information, see the [definition of modifier extensions](http://hl7.org/fhir/R4/extensibility.html#modifierExtension).","","","","","","","",,,,,"",,,,"BackboneElement.modifierExtension",0,*,"","ele-1:All FHIR elements must have a @value or children {hasValue() or (children().count() > id.count())}
ext-1:Must have either extensions or value[x], not both {extension.exists() != value.exists()}"
"LTCCMSModel.patient.patientId","LTCCMSModel.patient.patientId","","","",1,1,"","","","string {[]} {[]}
","個案身分證字號","個案的身分證字號","","","","","","","","","",,,,,"",,,,"LTCCMSModel.patient.patientId",1,1,"",""
"LTCCMSModel.patient.name","LTCCMSModel.patient.name","","","",1,1,"","","","string {[]} {[]}
","個案姓名","個案的姓名","","","","","","","","","",,,,,"",,,,"LTCCMSModel.patient.name",1,1,"",""
"LTCCMSModel.patient.birthDate","LTCCMSModel.patient.birthDate","","","",1,1,"","","","date {[]} {[]}
","個案出生日期","個案的出生日期","","","","","","","","","",,,,,"",,,,"LTCCMSModel.patient.birthDate",1,1,"",""
"LTCCMSModel.patient.gender","LTCCMSModel.patient.gender","","","",1,1,"","","","code {[]} {[]}
","個案性別","個案的性別","","","","","","","","","",,,,,"",,,,"LTCCMSModel.patient.gender",1,1,"",""
"LTCCMSModel.patient.address","LTCCMSModel.patient.address","","","",1,1,"","","","string {[]} {[]}
","個案居住地址","個案的居住地址","","","","","","","","","",,,,,"",,,,"LTCCMSModel.patient.address",1,1,"",""
"LTCCMSModel.patient.phone","LTCCMSModel.patient.phone","","","",0,1,"","","","string {[]} {[]}
","個案聯絡電話","個案的聯絡電話","","","","","","","","","",,,,,"",,,,"LTCCMSModel.patient.phone",0,1,"",""
"LTCCMSModel.patient.disabilityStatus","LTCCMSModel.patient.disabilityStatus","","","",1,1,"","","","boolean {[]} {[]}
","是否領有身心障礙手冊","個案是否領有身心障礙手冊","","","","","","","","","",,,,,"",,,,"LTCCMSModel.patient.disabilityStatus",1,1,"",""
"LTCCMSModel.patient.disabilityType","LTCCMSModel.patient.disabilityType","","","",0,*,"","","","string {[]} {[]}
","身心障礙類別","個案的身心障礙類別","","","","","","","","","",,,,,"",,,,"LTCCMSModel.patient.disabilityType",0,*,"",""
"LTCCMSModel.patient.disabilityCode","LTCCMSModel.patient.disabilityCode","","","",0,*,"","","","string {[]} {[]}
","身心障礙疾病代碼","身心障礙的ICD-10疾病代碼","","","","","","","","","",,,,,"",,,,"LTCCMSModel.patient.disabilityCode",0,*,"",""
"LTCCMSModel.relatedPerson","LTCCMSModel.relatedPerson","","","",1,1,"","","","BackboneElement {[]} {[]}
","照顧者基本資料","個案照顧者相關資訊","","","","","","","","","",,,,,"",,,,"LTCCMSModel.relatedPerson",1,1,"","ele-1:All FHIR elements must have a @value or children {hasValue() or (children().count() > id.count())}
"
"LTCCMSModel.relatedPerson.id","LTCCMSModel.relatedPerson.id","","","",0,1,"","","","string {[]} {[]}
","Unique id for inter-element referencing","Unique id for the element within a resource (for internal references). This may be any string value that does not contain spaces.","","","","","","","","","",,,,,"",,,,"Element.id",0,1,"",""
"LTCCMSModel.relatedPerson.extension","LTCCMSModel.relatedPerson.extension","","extensions
user content","",0,*,"","","","Extension {[]} {[]}
","Additional content defined by implementations","May be used to represent additional information that is not part of the basic definition of the element. To make the use of extensions safe and manageable, there is a strict set of governance  applied to the definition and use of extensions. Though any implementer can define an extension, there is a set of requirements that SHALL be met as part of the definition of the extension.","There can be no stigma associated with the use of extensions by any application, project, or standard - regardless of the institution or jurisdiction that uses or defines the extensions.  The use of extensions is what allows the FHIR specification to retain a core level of simplicity for everyone.","","","","","","","","",,,,,"","value:url}
","Extensions are always sliced by (at least) url",,"open","Element.extension",0,*,"","ele-1:All FHIR elements must have a @value or children {hasValue() or (children().count() > id.count())}
ext-1:Must have either extensions or value[x], not both {extension.exists() != value.exists()}"
"LTCCMSModel.relatedPerson.modifierExtension","LTCCMSModel.relatedPerson.modifierExtension","","extensions
user contentmodifiers","",0,*,"","Y","Y","Extension {[]} {[]}
","Extensions that cannot be ignored even if unrecognized","May be used to represent additional information that is not part of the basic definition of the element and that modifies the understanding of the element in which it is contained and/or the understanding of the containing element's descendants. Usually modifier elements provide negation or qualification. To make the use of extensions safe and manageable, there is a strict set of governance applied to the definition and use of extensions. Though any implementer can define an extension, there is a set of requirements that SHALL be met as part of the definition of the extension. Applications processing a resource are required to check for modifier extensions.

Modifier extensions SHALL NOT change the meaning of any elements on Resource or DomainResource (including cannot change the meaning of modifierExtension itself).","There can be no stigma associated with the use of extensions by any application, project, or standard - regardless of the institution or jurisdiction that uses or defines the extensions.  The use of extensions is what allows the FHIR specification to retain a core level of simplicity for everyone.","Modifier extensions allow for extensions that *cannot* be safely ignored to be clearly distinguished from the vast majority of extensions which can be safely ignored.  This promotes interoperability by eliminating the need for implementers to prohibit the presence of extensions. For further information, see the [definition of modifier extensions](http://hl7.org/fhir/R4/extensibility.html#modifierExtension).","","","","","","","",,,,,"",,,,"BackboneElement.modifierExtension",0,*,"","ele-1:All FHIR elements must have a @value or children {hasValue() or (children().count() > id.count())}
ext-1:Must have either extensions or value[x], not both {extension.exists() != value.exists()}"
"LTCCMSModel.relatedPerson.primaryCaregiver","LTCCMSModel.relatedPerson.primaryCaregiver","","","",1,1,"","","","BackboneElement {[]} {[]}
","主要照顧者","個案的主要照顧者資訊","","","","","","","","","",,,,,"",,,,"LTCCMSModel.relatedPerson.primaryCaregiver",1,1,"","ele-1:All FHIR elements must have a @value or children {hasValue() or (children().count() > id.count())}
"
"LTCCMSModel.relatedPerson.primaryCaregiver.id","LTCCMSModel.relatedPerson.primaryCaregiver.id","","","",0,1,"","","","string {[]} {[]}
","Unique id for inter-element referencing","Unique id for the element within a resource (for internal references). This may be any string value that does not contain spaces.","","","","","","","","","",,,,,"",,,,"Element.id",0,1,"",""
"LTCCMSModel.relatedPerson.primaryCaregiver.extension","LTCCMSModel.relatedPerson.primaryCaregiver.extension","","extensions
user content","",0,*,"","","","Extension {[]} {[]}
","Additional content defined by implementations","May be used to represent additional information that is not part of the basic definition of the element. To make the use of extensions safe and manageable, there is a strict set of governance  applied to the definition and use of extensions. Though any implementer can define an extension, there is a set of requirements that SHALL be met as part of the definition of the extension.","There can be no stigma associated with the use of extensions by any application, project, or standard - regardless of the institution or jurisdiction that uses or defines the extensions.  The use of extensions is what allows the FHIR specification to retain a core level of simplicity for everyone.","","","","","","","","",,,,,"","value:url}
","Extensions are always sliced by (at least) url",,"open","Element.extension",0,*,"","ele-1:All FHIR elements must have a @value or children {hasValue() or (children().count() > id.count())}
ext-1:Must have either extensions or value[x], not both {extension.exists() != value.exists()}"
"LTCCMSModel.relatedPerson.primaryCaregiver.modifierExtension","LTCCMSModel.relatedPerson.primaryCaregiver.modifierExtension","","extensions
user contentmodifiers","",0,*,"","Y","Y","Extension {[]} {[]}
","Extensions that cannot be ignored even if unrecognized","May be used to represent additional information that is not part of the basic definition of the element and that modifies the understanding of the element in which it is contained and/or the understanding of the containing element's descendants. Usually modifier elements provide negation or qualification. To make the use of extensions safe and manageable, there is a strict set of governance applied to the definition and use of extensions. Though any implementer can define an extension, there is a set of requirements that SHALL be met as part of the definition of the extension. Applications processing a resource are required to check for modifier extensions.

Modifier extensions SHALL NOT change the meaning of any elements on Resource or DomainResource (including cannot change the meaning of modifierExtension itself).","There can be no stigma associated with the use of extensions by any application, project, or standard - regardless of the institution or jurisdiction that uses or defines the extensions.  The use of extensions is what allows the FHIR specification to retain a core level of simplicity for everyone.","Modifier extensions allow for extensions that *cannot* be safely ignored to be clearly distinguished from the vast majority of extensions which can be safely ignored.  This promotes interoperability by eliminating the need for implementers to prohibit the presence of extensions. For further information, see the [definition of modifier extensions](http://hl7.org/fhir/R4/extensibility.html#modifierExtension).","","","","","","","",,,,,"",,,,"BackboneElement.modifierExtension",0,*,"","ele-1:All FHIR elements must have a @value or children {hasValue() or (children().count() > id.count())}
ext-1:Must have either extensions or value[x], not both {extension.exists() != value.exists()}"
"LTCCMSModel.relatedPerson.primaryCaregiver.name","LTCCMSModel.relatedPerson.primaryCaregiver.name","","","",1,1,"","","","string {[]} {[]}
","主要照顧者姓名","主要照顧者的姓名","","","","","","","","","",,,,,"",,,,"LTCCMSModel.relatedPerson.primaryCaregiver.name",1,1,"",""
"LTCCMSModel.relatedPerson.primaryCaregiver.relationship","LTCCMSModel.relatedPerson.primaryCaregiver.relationship","","","",1,1,"","","","string {[]} {[]}
","與個案關係","主要照顧者與個案的關係","","","","","","","","","",,,,,"",,,,"LTCCMSModel.relatedPerson.primaryCaregiver.relationship",1,1,"",""
"LTCCMSModel.relatedPerson.primaryCaregiver.phone","LTCCMSModel.relatedPerson.primaryCaregiver.phone","","","",0,1,"","","","string {[]} {[]}
","主要照顧者聯絡電話","主要照顧者的聯絡電話","","","","","","","","","",,,,,"",,,,"LTCCMSModel.relatedPerson.primaryCaregiver.phone",0,1,"",""
"LTCCMSModel.relatedPerson.primaryCaregiver.disabilityStatus","LTCCMSModel.relatedPerson.primaryCaregiver.disabilityStatus","","","",1,1,"","","","boolean {[]} {[]}
","是否持有身心障礙手冊","主要照顧者是否持有身心障礙手冊","","","","","","","","","",,,,,"",,,,"LTCCMSModel.relatedPerson.primaryCaregiver.disabilityStatus",1,1,"",""
"LTCCMSModel.relatedPerson.secondaryCaregiver","LTCCMSModel.relatedPerson.secondaryCaregiver","","","",0,1,"","","","BackboneElement {[]} {[]}
","次要照顧者","個案的次要照顧者資訊","","","","","","","","","",,,,,"",,,,"LTCCMSModel.relatedPerson.secondaryCaregiver",0,1,"","ele-1:All FHIR elements must have a @value or children {hasValue() or (children().count() > id.count())}
"
"LTCCMSModel.relatedPerson.secondaryCaregiver.id","LTCCMSModel.relatedPerson.secondaryCaregiver.id","","","",0,1,"","","","string {[]} {[]}
","Unique id for inter-element referencing","Unique id for the element within a resource (for internal references). This may be any string value that does not contain spaces.","","","","","","","","","",,,,,"",,,,"Element.id",0,1,"",""
"LTCCMSModel.relatedPerson.secondaryCaregiver.extension","LTCCMSModel.relatedPerson.secondaryCaregiver.extension","","extensions
user content","",0,*,"","","","Extension {[]} {[]}
","Additional content defined by implementations","May be used to represent additional information that is not part of the basic definition of the element. To make the use of extensions safe and manageable, there is a strict set of governance  applied to the definition and use of extensions. Though any implementer can define an extension, there is a set of requirements that SHALL be met as part of the definition of the extension.","There can be no stigma associated with the use of extensions by any application, project, or standard - regardless of the institution or jurisdiction that uses or defines the extensions.  The use of extensions is what allows the FHIR specification to retain a core level of simplicity for everyone.","","","","","","","","",,,,,"","value:url}
","Extensions are always sliced by (at least) url",,"open","Element.extension",0,*,"","ele-1:All FHIR elements must have a @value or children {hasValue() or (children().count() > id.count())}
ext-1:Must have either extensions or value[x], not both {extension.exists() != value.exists()}"
"LTCCMSModel.relatedPerson.secondaryCaregiver.modifierExtension","LTCCMSModel.relatedPerson.secondaryCaregiver.modifierExtension","","extensions
user contentmodifiers","",0,*,"","Y","Y","Extension {[]} {[]}
","Extensions that cannot be ignored even if unrecognized","May be used to represent additional information that is not part of the basic definition of the element and that modifies the understanding of the element in which it is contained and/or the understanding of the containing element's descendants. Usually modifier elements provide negation or qualification. To make the use of extensions safe and manageable, there is a strict set of governance applied to the definition and use of extensions. Though any implementer can define an extension, there is a set of requirements that SHALL be met as part of the definition of the extension. Applications processing a resource are required to check for modifier extensions.

Modifier extensions SHALL NOT change the meaning of any elements on Resource or DomainResource (including cannot change the meaning of modifierExtension itself).","There can be no stigma associated with the use of extensions by any application, project, or standard - regardless of the institution or jurisdiction that uses or defines the extensions.  The use of extensions is what allows the FHIR specification to retain a core level of simplicity for everyone.","Modifier extensions allow for extensions that *cannot* be safely ignored to be clearly distinguished from the vast majority of extensions which can be safely ignored.  This promotes interoperability by eliminating the need for implementers to prohibit the presence of extensions. For further information, see the [definition of modifier extensions](http://hl7.org/fhir/R4/extensibility.html#modifierExtension).","","","","","","","",,,,,"",,,,"BackboneElement.modifierExtension",0,*,"","ele-1:All FHIR elements must have a @value or children {hasValue() or (children().count() > id.count())}
ext-1:Must have either extensions or value[x], not both {extension.exists() != value.exists()}"
"LTCCMSModel.relatedPerson.secondaryCaregiver.name","LTCCMSModel.relatedPerson.secondaryCaregiver.name","","","",0,1,"","","","string {[]} {[]}
","次要照顧者姓名","次要照顧者的姓名","","","","","","","","","",,,,,"",,,,"LTCCMSModel.relatedPerson.secondaryCaregiver.name",0,1,"",""
"LTCCMSModel.relatedPerson.secondaryCaregiver.relationship","LTCCMSModel.relatedPerson.secondaryCaregiver.relationship","","","",0,1,"","","","string {[]} {[]}
","與個案關係","次要照顧者與個案的關係","","","","","","","","","",,,,,"",,,,"LTCCMSModel.relatedPerson.secondaryCaregiver.relationship",0,1,"",""
"LTCCMSModel.assessment","LTCCMSModel.assessment","","","",1,1,"","","","BackboneElement {[]} {[]}
","評估量表內容","各項評估量表的評分結果","","","","","","","","","",,,,,"",,,,"LTCCMSModel.assessment",1,1,"","ele-1:All FHIR elements must have a @value or children {hasValue() or (children().count() > id.count())}
"
"LTCCMSModel.assessment.id","LTCCMSModel.assessment.id","","","",0,1,"","","","string {[]} {[]}
","Unique id for inter-element referencing","Unique id for the element within a resource (for internal references). This may be any string value that does not contain spaces.","","","","","","","","","",,,,,"",,,,"Element.id",0,1,"",""
"LTCCMSModel.assessment.extension","LTCCMSModel.assessment.extension","","extensions
user content","",0,*,"","","","Extension {[]} {[]}
","Additional content defined by implementations","May be used to represent additional information that is not part of the basic definition of the element. To make the use of extensions safe and manageable, there is a strict set of governance  applied to the definition and use of extensions. Though any implementer can define an extension, there is a set of requirements that SHALL be met as part of the definition of the extension.","There can be no stigma associated with the use of extensions by any application, project, or standard - regardless of the institution or jurisdiction that uses or defines the extensions.  The use of extensions is what allows the FHIR specification to retain a core level of simplicity for everyone.","","","","","","","","",,,,,"","value:url}
","Extensions are always sliced by (at least) url",,"open","Element.extension",0,*,"","ele-1:All FHIR elements must have a @value or children {hasValue() or (children().count() > id.count())}
ext-1:Must have either extensions or value[x], not both {extension.exists() != value.exists()}"
"LTCCMSModel.assessment.modifierExtension","LTCCMSModel.assessment.modifierExtension","","extensions
user contentmodifiers","",0,*,"","Y","Y","Extension {[]} {[]}
","Extensions that cannot be ignored even if unrecognized","May be used to represent additional information that is not part of the basic definition of the element and that modifies the understanding of the element in which it is contained and/or the understanding of the containing element's descendants. Usually modifier elements provide negation or qualification. To make the use of extensions safe and manageable, there is a strict set of governance applied to the definition and use of extensions. Though any implementer can define an extension, there is a set of requirements that SHALL be met as part of the definition of the extension. Applications processing a resource are required to check for modifier extensions.

Modifier extensions SHALL NOT change the meaning of any elements on Resource or DomainResource (including cannot change the meaning of modifierExtension itself).","There can be no stigma associated with the use of extensions by any application, project, or standard - regardless of the institution or jurisdiction that uses or defines the extensions.  The use of extensions is what allows the FHIR specification to retain a core level of simplicity for everyone.","Modifier extensions allow for extensions that *cannot* be safely ignored to be clearly distinguished from the vast majority of extensions which can be safely ignored.  This promotes interoperability by eliminating the need for implementers to prohibit the presence of extensions. For further information, see the [definition of modifier extensions](http://hl7.org/fhir/R4/extensibility.html#modifierExtension).","","","","","","","",,,,,"",,,,"BackboneElement.modifierExtension",0,*,"","ele-1:All FHIR elements must have a @value or children {hasValue() or (children().count() > id.count())}
ext-1:Must have either extensions or value[x], not both {extension.exists() != value.exists()}"
"LTCCMSModel.assessment.communication","LTCCMSModel.assessment.communication","","","",1,1,"","","","BackboneElement {[]} {[]}
","個案溝通能力評估","個案溝通能力的評估結果","","","","","","","","","",,,,,"",,,,"LTCCMSModel.assessment.communication",1,1,"","ele-1:All FHIR elements must have a @value or children {hasValue() or (children().count() > id.count())}
"
"LTCCMSModel.assessment.communication.id","LTCCMSModel.assessment.communication.id","","","",0,1,"","","","string {[]} {[]}
","Unique id for inter-element referencing","Unique id for the element within a resource (for internal references). This may be any string value that does not contain spaces.","","","","","","","","","",,,,,"",,,,"Element.id",0,1,"",""
"LTCCMSModel.assessment.communication.extension","LTCCMSModel.assessment.communication.extension","","extensions
user content","",0,*,"","","","Extension {[]} {[]}
","Additional content defined by implementations","May be used to represent additional information that is not part of the basic definition of the element. To make the use of extensions safe and manageable, there is a strict set of governance  applied to the definition and use of extensions. Though any implementer can define an extension, there is a set of requirements that SHALL be met as part of the definition of the extension.","There can be no stigma associated with the use of extensions by any application, project, or standard - regardless of the institution or jurisdiction that uses or defines the extensions.  The use of extensions is what allows the FHIR specification to retain a core level of simplicity for everyone.","","","","","","","","",,,,,"","value:url}
","Extensions are always sliced by (at least) url",,"open","Element.extension",0,*,"","ele-1:All FHIR elements must have a @value or children {hasValue() or (children().count() > id.count())}
ext-1:Must have either extensions or value[x], not both {extension.exists() != value.exists()}"
"LTCCMSModel.assessment.communication.modifierExtension","LTCCMSModel.assessment.communication.modifierExtension","","extensions
user contentmodifiers","",0,*,"","Y","Y","Extension {[]} {[]}
","Extensions that cannot be ignored even if unrecognized","May be used to represent additional information that is not part of the basic definition of the element and that modifies the understanding of the element in which it is contained and/or the understanding of the containing element's descendants. Usually modifier elements provide negation or qualification. To make the use of extensions safe and manageable, there is a strict set of governance applied to the definition and use of extensions. Though any implementer can define an extension, there is a set of requirements that SHALL be met as part of the definition of the extension. Applications processing a resource are required to check for modifier extensions.

Modifier extensions SHALL NOT change the meaning of any elements on Resource or DomainResource (including cannot change the meaning of modifierExtension itself).","There can be no stigma associated with the use of extensions by any application, project, or standard - regardless of the institution or jurisdiction that uses or defines the extensions.  The use of extensions is what allows the FHIR specification to retain a core level of simplicity for everyone.","Modifier extensions allow for extensions that *cannot* be safely ignored to be clearly distinguished from the vast majority of extensions which can be safely ignored.  This promotes interoperability by eliminating the need for implementers to prohibit the presence of extensions. For further information, see the [definition of modifier extensions](http://hl7.org/fhir/R4/extensibility.html#modifierExtension).","","","","","","","",,,,,"",,,,"BackboneElement.modifierExtension",0,*,"","ele-1:All FHIR elements must have a @value or children {hasValue() or (children().count() > id.count())}
ext-1:Must have either extensions or value[x], not both {extension.exists() != value.exists()}"
"LTCCMSModel.assessment.communication.understanding","LTCCMSModel.assessment.communication.understanding","","","",1,1,"","","","integer {[]} {[]}
","理解能力評分","個案理解能力的評分","","","","","","","","","",,,,,"",,,,"LTCCMSModel.assessment.communication.understanding",1,1,"",""
"LTCCMSModel.assessment.communication.expression","LTCCMSModel.assessment.communication.expression","","","",1,1,"","","","integer {[]} {[]}
","表達能力評分","個案表達能力的評分","","","","","","","","","",,,,,"",,,,"LTCCMSModel.assessment.communication.expression",1,1,"",""
"LTCCMSModel.assessment.communication.hearing","LTCCMSModel.assessment.communication.hearing","","","",1,1,"","","","integer {[]} {[]}
","聽力狀況評分","個案聽力狀況的評分","","","","","","","","","",,,,,"",,,,"LTCCMSModel.assessment.communication.hearing",1,1,"",""
"LTCCMSModel.assessment.communication.vision","LTCCMSModel.assessment.communication.vision","","","",1,1,"","","","integer {[]} {[]}
","視力狀況評分","個案視力狀況的評分","","","","","","","","","",,,,,"",,,,"LTCCMSModel.assessment.communication.vision",1,1,"",""
"LTCCMSModel.assessment.memory","LTCCMSModel.assessment.memory","","","",1,1,"","","","BackboneElement {[]} {[]}
","個案短期記憶力評估","個案短期記憶力的評估結果","","","","","","","","","",,,,,"",,,,"LTCCMSModel.assessment.memory",1,1,"","ele-1:All FHIR elements must have a @value or children {hasValue() or (children().count() > id.count())}
"
"LTCCMSModel.assessment.memory.id","LTCCMSModel.assessment.memory.id","","","",0,1,"","","","string {[]} {[]}
","Unique id for inter-element referencing","Unique id for the element within a resource (for internal references). This may be any string value that does not contain spaces.","","","","","","","","","",,,,,"",,,,"Element.id",0,1,"",""
"LTCCMSModel.assessment.memory.extension","LTCCMSModel.assessment.memory.extension","","extensions
user content","",0,*,"","","","Extension {[]} {[]}
","Additional content defined by implementations","May be used to represent additional information that is not part of the basic definition of the element. To make the use of extensions safe and manageable, there is a strict set of governance  applied to the definition and use of extensions. Though any implementer can define an extension, there is a set of requirements that SHALL be met as part of the definition of the extension.","There can be no stigma associated with the use of extensions by any application, project, or standard - regardless of the institution or jurisdiction that uses or defines the extensions.  The use of extensions is what allows the FHIR specification to retain a core level of simplicity for everyone.","","","","","","","","",,,,,"","value:url}
","Extensions are always sliced by (at least) url",,"open","Element.extension",0,*,"","ele-1:All FHIR elements must have a @value or children {hasValue() or (children().count() > id.count())}
ext-1:Must have either extensions or value[x], not both {extension.exists() != value.exists()}"
"LTCCMSModel.assessment.memory.modifierExtension","LTCCMSModel.assessment.memory.modifierExtension","","extensions
user contentmodifiers","",0,*,"","Y","Y","Extension {[]} {[]}
","Extensions that cannot be ignored even if unrecognized","May be used to represent additional information that is not part of the basic definition of the element and that modifies the understanding of the element in which it is contained and/or the understanding of the containing element's descendants. Usually modifier elements provide negation or qualification. To make the use of extensions safe and manageable, there is a strict set of governance applied to the definition and use of extensions. Though any implementer can define an extension, there is a set of requirements that SHALL be met as part of the definition of the extension. Applications processing a resource are required to check for modifier extensions.

Modifier extensions SHALL NOT change the meaning of any elements on Resource or DomainResource (including cannot change the meaning of modifierExtension itself).","There can be no stigma associated with the use of extensions by any application, project, or standard - regardless of the institution or jurisdiction that uses or defines the extensions.  The use of extensions is what allows the FHIR specification to retain a core level of simplicity for everyone.","Modifier extensions allow for extensions that *cannot* be safely ignored to be clearly distinguished from the vast majority of extensions which can be safely ignored.  This promotes interoperability by eliminating the need for implementers to prohibit the presence of extensions. For further information, see the [definition of modifier extensions](http://hl7.org/fhir/R4/extensibility.html#modifierExtension).","","","","","","","",,,,,"",,,,"BackboneElement.modifierExtension",0,*,"","ele-1:All FHIR elements must have a @value or children {hasValue() or (children().count() > id.count())}
ext-1:Must have either extensions or value[x], not both {extension.exists() != value.exists()}"
"LTCCMSModel.assessment.memory.orientation","LTCCMSModel.assessment.memory.orientation","","","",1,1,"","","","integer {[]} {[]}
","定向感評分","個案定向感的評分","","","","","","","","","",,,,,"",,,,"LTCCMSModel.assessment.memory.orientation",1,1,"",""
"LTCCMSModel.assessment.memory.recall","LTCCMSModel.assessment.memory.recall","","","",1,1,"","","","integer {[]} {[]}
","記憶力評分","個案記憶力的評分","","","","","","","","","",,,,,"",,,,"LTCCMSModel.assessment.memory.recall",1,1,"",""
"LTCCMSModel.assessment.memory.attention","LTCCMSModel.assessment.memory.attention","","","",1,1,"","","","integer {[]} {[]}
","注意力評分","個案注意力的評分","","","","","","","","","",,,,,"",,,,"LTCCMSModel.assessment.memory.attention",1,1,"",""
"LTCCMSModel.assessment.adl","LTCCMSModel.assessment.adl","","","",1,1,"","","","BackboneElement {[]} {[]}
","個案日常活動功能量表","個案基本日常活動能力的評估","","","","","","","","","",,,,,"",,,,"LTCCMSModel.assessment.adl",1,1,"","ele-1:All FHIR elements must have a @value or children {hasValue() or (children().count() > id.count())}
"
"LTCCMSModel.assessment.adl.id","LTCCMSModel.assessment.adl.id","","","",0,1,"","","","string {[]} {[]}
","Unique id for inter-element referencing","Unique id for the element within a resource (for internal references). This may be any string value that does not contain spaces.","","","","","","","","","",,,,,"",,,,"Element.id",0,1,"",""
"LTCCMSModel.assessment.adl.extension","LTCCMSModel.assessment.adl.extension","","extensions
user content","",0,*,"","","","Extension {[]} {[]}
","Additional content defined by implementations","May be used to represent additional information that is not part of the basic definition of the element. To make the use of extensions safe and manageable, there is a strict set of governance  applied to the definition and use of extensions. Though any implementer can define an extension, there is a set of requirements that SHALL be met as part of the definition of the extension.","There can be no stigma associated with the use of extensions by any application, project, or standard - regardless of the institution or jurisdiction that uses or defines the extensions.  The use of extensions is what allows the FHIR specification to retain a core level of simplicity for everyone.","","","","","","","","",,,,,"","value:url}
","Extensions are always sliced by (at least) url",,"open","Element.extension",0,*,"","ele-1:All FHIR elements must have a @value or children {hasValue() or (children().count() > id.count())}
ext-1:Must have either extensions or value[x], not both {extension.exists() != value.exists()}"
"LTCCMSModel.assessment.adl.modifierExtension","LTCCMSModel.assessment.adl.modifierExtension","","extensions
user contentmodifiers","",0,*,"","Y","Y","Extension {[]} {[]}
","Extensions that cannot be ignored even if unrecognized","May be used to represent additional information that is not part of the basic definition of the element and that modifies the understanding of the element in which it is contained and/or the understanding of the containing element's descendants. Usually modifier elements provide negation or qualification. To make the use of extensions safe and manageable, there is a strict set of governance applied to the definition and use of extensions. Though any implementer can define an extension, there is a set of requirements that SHALL be met as part of the definition of the extension. Applications processing a resource are required to check for modifier extensions.

Modifier extensions SHALL NOT change the meaning of any elements on Resource or DomainResource (including cannot change the meaning of modifierExtension itself).","There can be no stigma associated with the use of extensions by any application, project, or standard - regardless of the institution or jurisdiction that uses or defines the extensions.  The use of extensions is what allows the FHIR specification to retain a core level of simplicity for everyone.","Modifier extensions allow for extensions that *cannot* be safely ignored to be clearly distinguished from the vast majority of extensions which can be safely ignored.  This promotes interoperability by eliminating the need for implementers to prohibit the presence of extensions. For further information, see the [definition of modifier extensions](http://hl7.org/fhir/R4/extensibility.html#modifierExtension).","","","","","","","",,,,,"",,,,"BackboneElement.modifierExtension",0,*,"","ele-1:All FHIR elements must have a @value or children {hasValue() or (children().count() > id.count())}
ext-1:Must have either extensions or value[x], not both {extension.exists() != value.exists()}"
"LTCCMSModel.assessment.adl.bathing","LTCCMSModel.assessment.adl.bathing","","","",1,1,"","","","integer {[]} {[]}
","洗澡能力評分","個案洗澡能力的評分","","","","","","","","","",,,,,"",,,,"LTCCMSModel.assessment.adl.bathing",1,1,"",""
"LTCCMSModel.assessment.adl.dressing","LTCCMSModel.assessment.adl.dressing","","","",1,1,"","","","integer {[]} {[]}
","穿衣能力評分","個案穿衣能力的評分","","","","","","","","","",,,,,"",,,,"LTCCMSModel.assessment.adl.dressing",1,1,"",""
"LTCCMSModel.assessment.adl.toileting","LTCCMSModel.assessment.adl.toileting","","","",1,1,"","","","integer {[]} {[]}
","如廁能力評分","個案如廁能力的評分","","","","","","","","","",,,,,"",,,,"LTCCMSModel.assessment.adl.toileting",1,1,"",""
"LTCCMSModel.assessment.adl.transferring","LTCCMSModel.assessment.adl.transferring","","","",1,1,"","","","integer {[]} {[]}
","移位能力評分","個案移位能力的評分","","","","","","","","","",,,,,"",,,,"LTCCMSModel.assessment.adl.transferring",1,1,"",""
"LTCCMSModel.assessment.adl.continence","LTCCMSModel.assessment.adl.continence","","","",1,1,"","","","integer {[]} {[]}
","大小便控制能力評分","個案大小便控制能力的評分","","","","","","","","","",,,,,"",,,,"LTCCMSModel.assessment.adl.continence",1,1,"",""
"LTCCMSModel.assessment.adl.feeding","LTCCMSModel.assessment.adl.feeding","","","",1,1,"","","","integer {[]} {[]}
","進食能力評分","個案進食能力的評分","","","","","","","","","",,,,,"",,,,"LTCCMSModel.assessment.adl.feeding",1,1,"",""
"LTCCMSModel.assessment.iadl","LTCCMSModel.assessment.iadl","","","",1,1,"","","","BackboneElement {[]} {[]}
","個案工具性日常活動功能量表","個案工具性日常活動能力的評估","","","","","","","","","",,,,,"",,,,"LTCCMSModel.assessment.iadl",1,1,"","ele-1:All FHIR elements must have a @value or children {hasValue() or (children().count() > id.count())}
"
"LTCCMSModel.assessment.iadl.id","LTCCMSModel.assessment.iadl.id","","","",0,1,"","","","string {[]} {[]}
","Unique id for inter-element referencing","Unique id for the element within a resource (for internal references). This may be any string value that does not contain spaces.","","","","","","","","","",,,,,"",,,,"Element.id",0,1,"",""
"LTCCMSModel.assessment.iadl.extension","LTCCMSModel.assessment.iadl.extension","","extensions
user content","",0,*,"","","","Extension {[]} {[]}
","Additional content defined by implementations","May be used to represent additional information that is not part of the basic definition of the element. To make the use of extensions safe and manageable, there is a strict set of governance  applied to the definition and use of extensions. Though any implementer can define an extension, there is a set of requirements that SHALL be met as part of the definition of the extension.","There can be no stigma associated with the use of extensions by any application, project, or standard - regardless of the institution or jurisdiction that uses or defines the extensions.  The use of extensions is what allows the FHIR specification to retain a core level of simplicity for everyone.","","","","","","","","",,,,,"","value:url}
","Extensions are always sliced by (at least) url",,"open","Element.extension",0,*,"","ele-1:All FHIR elements must have a @value or children {hasValue() or (children().count() > id.count())}
ext-1:Must have either extensions or value[x], not both {extension.exists() != value.exists()}"
"LTCCMSModel.assessment.iadl.modifierExtension","LTCCMSModel.assessment.iadl.modifierExtension","","extensions
user contentmodifiers","",0,*,"","Y","Y","Extension {[]} {[]}
","Extensions that cannot be ignored even if unrecognized","May be used to represent additional information that is not part of the basic definition of the element and that modifies the understanding of the element in which it is contained and/or the understanding of the containing element's descendants. Usually modifier elements provide negation or qualification. To make the use of extensions safe and manageable, there is a strict set of governance applied to the definition and use of extensions. Though any implementer can define an extension, there is a set of requirements that SHALL be met as part of the definition of the extension. Applications processing a resource are required to check for modifier extensions.

Modifier extensions SHALL NOT change the meaning of any elements on Resource or DomainResource (including cannot change the meaning of modifierExtension itself).","There can be no stigma associated with the use of extensions by any application, project, or standard - regardless of the institution or jurisdiction that uses or defines the extensions.  The use of extensions is what allows the FHIR specification to retain a core level of simplicity for everyone.","Modifier extensions allow for extensions that *cannot* be safely ignored to be clearly distinguished from the vast majority of extensions which can be safely ignored.  This promotes interoperability by eliminating the need for implementers to prohibit the presence of extensions. For further information, see the [definition of modifier extensions](http://hl7.org/fhir/R4/extensibility.html#modifierExtension).","","","","","","","",,,,,"",,,,"BackboneElement.modifierExtension",0,*,"","ele-1:All FHIR elements must have a @value or children {hasValue() or (children().count() > id.count())}
ext-1:Must have either extensions or value[x], not both {extension.exists() != value.exists()}"
"LTCCMSModel.assessment.iadl.telephone","LTCCMSModel.assessment.iadl.telephone","","","",1,1,"","","","integer {[]} {[]}
","使用電話能力評分","個案使用電話能力的評分","","","","","","","","","",,,,,"",,,,"LTCCMSModel.assessment.iadl.telephone",1,1,"",""
"LTCCMSModel.assessment.iadl.shopping","LTCCMSModel.assessment.iadl.shopping","","","",1,1,"","","","integer {[]} {[]}
","購物能力評分","個案購物能力的評分","","","","","","","","","",,,,,"",,,,"LTCCMSModel.assessment.iadl.shopping",1,1,"",""
"LTCCMSModel.assessment.iadl.cooking","LTCCMSModel.assessment.iadl.cooking","","","",1,1,"","","","integer {[]} {[]}
","烹飪能力評分","個案烹飪能力的評分","","","","","","","","","",,,,,"",,,,"LTCCMSModel.assessment.iadl.cooking",1,1,"",""
"LTCCMSModel.assessment.iadl.housekeeping","LTCCMSModel.assessment.iadl.housekeeping","","","",1,1,"","","","integer {[]} {[]}
","家務能力評分","個案家務能力的評分","","","","","","","","","",,,,,"",,,,"LTCCMSModel.assessment.iadl.housekeeping",1,1,"",""
"LTCCMSModel.assessment.iadl.laundry","LTCCMSModel.assessment.iadl.laundry","","","",1,1,"","","","integer {[]} {[]}
","洗衣能力評分","個案洗衣能力的評分","","","","","","","","","",,,,,"",,,,"LTCCMSModel.assessment.iadl.laundry",1,1,"",""
"LTCCMSModel.assessment.iadl.transportation","LTCCMSModel.assessment.iadl.transportation","","","",1,1,"","","","integer {[]} {[]}
","交通能力評分","個案交通能力的評分","","","","","","","","","",,,,,"",,,,"LTCCMSModel.assessment.iadl.transportation",1,1,"",""
"LTCCMSModel.assessment.iadl.medication","LTCCMSModel.assessment.iadl.medication","","","",1,1,"","","","integer {[]} {[]}
","服藥管理能力評分","個案服藥管理能力的評分","","","","","","","","","",,,,,"",,,,"LTCCMSModel.assessment.iadl.medication",1,1,"",""
"LTCCMSModel.assessment.iadl.finances","LTCCMSModel.assessment.iadl.finances","","","",1,1,"","","","integer {[]} {[]}
","財務管理能力評分","個案財務管理能力的評分","","","","","","","","","",,,,,"",,,,"LTCCMSModel.assessment.iadl.finances",1,1,"",""
"LTCCMSModel.assessment.specialCare","LTCCMSModel.assessment.specialCare","","","",1,1,"","","","BackboneElement {[]} {[]}
","特殊複雜照護需要評估","個案特殊照護需求的評估","","","","","","","","","",,,,,"",,,,"LTCCMSModel.assessment.specialCare",1,1,"","ele-1:All FHIR elements must have a @value or children {hasValue() or (children().count() > id.count())}
"
"LTCCMSModel.assessment.specialCare.id","LTCCMSModel.assessment.specialCare.id","","","",0,1,"","","","string {[]} {[]}
","Unique id for inter-element referencing","Unique id for the element within a resource (for internal references). This may be any string value that does not contain spaces.","","","","","","","","","",,,,,"",,,,"Element.id",0,1,"",""
"LTCCMSModel.assessment.specialCare.extension","LTCCMSModel.assessment.specialCare.extension","","extensions
user content","",0,*,"","","","Extension {[]} {[]}
","Additional content defined by implementations","May be used to represent additional information that is not part of the basic definition of the element. To make the use of extensions safe and manageable, there is a strict set of governance  applied to the definition and use of extensions. Though any implementer can define an extension, there is a set of requirements that SHALL be met as part of the definition of the extension.","There can be no stigma associated with the use of extensions by any application, project, or standard - regardless of the institution or jurisdiction that uses or defines the extensions.  The use of extensions is what allows the FHIR specification to retain a core level of simplicity for everyone.","","","","","","","","",,,,,"","value:url}
","Extensions are always sliced by (at least) url",,"open","Element.extension",0,*,"","ele-1:All FHIR elements must have a @value or children {hasValue() or (children().count() > id.count())}
ext-1:Must have either extensions or value[x], not both {extension.exists() != value.exists()}"
"LTCCMSModel.assessment.specialCare.modifierExtension","LTCCMSModel.assessment.specialCare.modifierExtension","","extensions
user contentmodifiers","",0,*,"","Y","Y","Extension {[]} {[]}
","Extensions that cannot be ignored even if unrecognized","May be used to represent additional information that is not part of the basic definition of the element and that modifies the understanding of the element in which it is contained and/or the understanding of the containing element's descendants. Usually modifier elements provide negation or qualification. To make the use of extensions safe and manageable, there is a strict set of governance applied to the definition and use of extensions. Though any implementer can define an extension, there is a set of requirements that SHALL be met as part of the definition of the extension. Applications processing a resource are required to check for modifier extensions.

Modifier extensions SHALL NOT change the meaning of any elements on Resource or DomainResource (including cannot change the meaning of modifierExtension itself).","There can be no stigma associated with the use of extensions by any application, project, or standard - regardless of the institution or jurisdiction that uses or defines the extensions.  The use of extensions is what allows the FHIR specification to retain a core level of simplicity for everyone.","Modifier extensions allow for extensions that *cannot* be safely ignored to be clearly distinguished from the vast majority of extensions which can be safely ignored.  This promotes interoperability by eliminating the need for implementers to prohibit the presence of extensions. For further information, see the [definition of modifier extensions](http://hl7.org/fhir/R4/extensibility.html#modifierExtension).","","","","","","","",,,,,"",,,,"BackboneElement.modifierExtension",0,*,"","ele-1:All FHIR elements must have a @value or children {hasValue() or (children().count() > id.count())}
ext-1:Must have either extensions or value[x], not both {extension.exists() != value.exists()}"
"LTCCMSModel.assessment.specialCare.tubeFeeding","LTCCMSModel.assessment.specialCare.tubeFeeding","","","",1,1,"","","","boolean {[]} {[]}
","管灌餵食需求","個案是否需要管灌餵食","","","","","","","","","",,,,,"",,,,"LTCCMSModel.assessment.specialCare.tubeFeeding",1,1,"",""
"LTCCMSModel.assessment.specialCare.oxygenTherapy","LTCCMSModel.assessment.specialCare.oxygenTherapy","","","",1,1,"","","","boolean {[]} {[]}
","氧氣治療需求","個案是否需要氧氣治療","","","","","","","","","",,,,,"",,,,"LTCCMSModel.assessment.specialCare.oxygenTherapy",1,1,"",""
"LTCCMSModel.assessment.specialCare.woundCare","LTCCMSModel.assessment.specialCare.woundCare","","","",1,1,"","","","boolean {[]} {[]}
","傷口照護需求","個案是否需要傷口照護","","","","","","","","","",,,,,"",,,,"LTCCMSModel.assessment.specialCare.woundCare",1,1,"",""
"LTCCMSModel.assessment.specialCare.catheter","LTCCMSModel.assessment.specialCare.catheter","","","",1,1,"","","","boolean {[]} {[]}
","導尿管照護需求","個案是否需要導尿管照護","","","","","","","","","",,,,,"",,,,"LTCCMSModel.assessment.specialCare.catheter",1,1,"",""
"LTCCMSModel.assessment.specialCare.tracheostomy","LTCCMSModel.assessment.specialCare.tracheostomy","","","",1,1,"","","","boolean {[]} {[]}
","氣切照護需求","個案是否需要氣切照護","","","","","","","","","",,,,,"",,,,"LTCCMSModel.assessment.specialCare.tracheostomy",1,1,"",""
"LTCCMSModel.assessment.society","LTCCMSModel.assessment.society","","","",1,1,"","","","BackboneElement {[]} {[]}
","居家環境與社會參與評估","個案居家環境與社會參與的評估","","","","","","","","","",,,,,"",,,,"LTCCMSModel.assessment.society",1,1,"","ele-1:All FHIR elements must have a @value or children {hasValue() or (children().count() > id.count())}
"
"LTCCMSModel.assessment.society.id","LTCCMSModel.assessment.society.id","","","",0,1,"","","","string {[]} {[]}
","Unique id for inter-element referencing","Unique id for the element within a resource (for internal references). This may be any string value that does not contain spaces.","","","","","","","","","",,,,,"",,,,"Element.id",0,1,"",""
"LTCCMSModel.assessment.society.extension","LTCCMSModel.assessment.society.extension","","extensions
user content","",0,*,"","","","Extension {[]} {[]}
","Additional content defined by implementations","May be used to represent additional information that is not part of the basic definition of the element. To make the use of extensions safe and manageable, there is a strict set of governance  applied to the definition and use of extensions. Though any implementer can define an extension, there is a set of requirements that SHALL be met as part of the definition of the extension.","There can be no stigma associated with the use of extensions by any application, project, or standard - regardless of the institution or jurisdiction that uses or defines the extensions.  The use of extensions is what allows the FHIR specification to retain a core level of simplicity for everyone.","","","","","","","","",,,,,"","value:url}
","Extensions are always sliced by (at least) url",,"open","Element.extension",0,*,"","ele-1:All FHIR elements must have a @value or children {hasValue() or (children().count() > id.count())}
ext-1:Must have either extensions or value[x], not both {extension.exists() != value.exists()}"
"LTCCMSModel.assessment.society.modifierExtension","LTCCMSModel.assessment.society.modifierExtension","","extensions
user contentmodifiers","",0,*,"","Y","Y","Extension {[]} {[]}
","Extensions that cannot be ignored even if unrecognized","May be used to represent additional information that is not part of the basic definition of the element and that modifies the understanding of the element in which it is contained and/or the understanding of the containing element's descendants. Usually modifier elements provide negation or qualification. To make the use of extensions safe and manageable, there is a strict set of governance applied to the definition and use of extensions. Though any implementer can define an extension, there is a set of requirements that SHALL be met as part of the definition of the extension. Applications processing a resource are required to check for modifier extensions.

Modifier extensions SHALL NOT change the meaning of any elements on Resource or DomainResource (including cannot change the meaning of modifierExtension itself).","There can be no stigma associated with the use of extensions by any application, project, or standard - regardless of the institution or jurisdiction that uses or defines the extensions.  The use of extensions is what allows the FHIR specification to retain a core level of simplicity for everyone.","Modifier extensions allow for extensions that *cannot* be safely ignored to be clearly distinguished from the vast majority of extensions which can be safely ignored.  This promotes interoperability by eliminating the need for implementers to prohibit the presence of extensions. For further information, see the [definition of modifier extensions](http://hl7.org/fhir/R4/extensibility.html#modifierExtension).","","","","","","","",,,,,"",,,,"BackboneElement.modifierExtension",0,*,"","ele-1:All FHIR elements must have a @value or children {hasValue() or (children().count() > id.count())}
ext-1:Must have either extensions or value[x], not both {extension.exists() != value.exists()}"
"LTCCMSModel.assessment.society.homeEnvironment","LTCCMSModel.assessment.society.homeEnvironment","","","",1,1,"","","","string {[]} {[]}
","居家環境評估","個案居家環境的評估結果","","","","","","","","","",,,,,"",,,,"LTCCMSModel.assessment.society.homeEnvironment",1,1,"",""
"LTCCMSModel.assessment.society.socialParticipation","LTCCMSModel.assessment.society.socialParticipation","","","",1,1,"","","","string {[]} {[]}
","社會參與評估","個案社會參與的評估結果","","","","","","","","","",,,,,"",,,,"LTCCMSModel.assessment.society.socialParticipation",1,1,"",""
"LTCCMSModel.assessment.society.communityResources","LTCCMSModel.assessment.society.communityResources","","","",1,1,"","","","string {[]} {[]}
","社區資源使用評估","個案社區資源使用的評估結果","","","","","","","","","",,,,,"",,,,"LTCCMSModel.assessment.society.communityResources",1,1,"",""
"LTCCMSModel.assessment.mental","LTCCMSModel.assessment.mental","","","",1,1,"","","","BackboneElement {[]} {[]}
","情緒及行為型態評估","個案情緒及行為的評估","","","","","","","","","",,,,,"",,,,"LTCCMSModel.assessment.mental",1,1,"","ele-1:All FHIR elements must have a @value or children {hasValue() or (children().count() > id.count())}
"
"LTCCMSModel.assessment.mental.id","LTCCMSModel.assessment.mental.id","","","",0,1,"","","","string {[]} {[]}
","Unique id for inter-element referencing","Unique id for the element within a resource (for internal references). This may be any string value that does not contain spaces.","","","","","","","","","",,,,,"",,,,"Element.id",0,1,"",""
"LTCCMSModel.assessment.mental.extension","LTCCMSModel.assessment.mental.extension","","extensions
user content","",0,*,"","","","Extension {[]} {[]}
","Additional content defined by implementations","May be used to represent additional information that is not part of the basic definition of the element. To make the use of extensions safe and manageable, there is a strict set of governance  applied to the definition and use of extensions. Though any implementer can define an extension, there is a set of requirements that SHALL be met as part of the definition of the extension.","There can be no stigma associated with the use of extensions by any application, project, or standard - regardless of the institution or jurisdiction that uses or defines the extensions.  The use of extensions is what allows the FHIR specification to retain a core level of simplicity for everyone.","","","","","","","","",,,,,"","value:url}
","Extensions are always sliced by (at least) url",,"open","Element.extension",0,*,"","ele-1:All FHIR elements must have a @value or children {hasValue() or (children().count() > id.count())}
ext-1:Must have either extensions or value[x], not both {extension.exists() != value.exists()}"
"LTCCMSModel.assessment.mental.modifierExtension","LTCCMSModel.assessment.mental.modifierExtension","","extensions
user contentmodifiers","",0,*,"","Y","Y","Extension {[]} {[]}
","Extensions that cannot be ignored even if unrecognized","May be used to represent additional information that is not part of the basic definition of the element and that modifies the understanding of the element in which it is contained and/or the understanding of the containing element's descendants. Usually modifier elements provide negation or qualification. To make the use of extensions safe and manageable, there is a strict set of governance applied to the definition and use of extensions. Though any implementer can define an extension, there is a set of requirements that SHALL be met as part of the definition of the extension. Applications processing a resource are required to check for modifier extensions.

Modifier extensions SHALL NOT change the meaning of any elements on Resource or DomainResource (including cannot change the meaning of modifierExtension itself).","There can be no stigma associated with the use of extensions by any application, project, or standard - regardless of the institution or jurisdiction that uses or defines the extensions.  The use of extensions is what allows the FHIR specification to retain a core level of simplicity for everyone.","Modifier extensions allow for extensions that *cannot* be safely ignored to be clearly distinguished from the vast majority of extensions which can be safely ignored.  This promotes interoperability by eliminating the need for implementers to prohibit the presence of extensions. For further information, see the [definition of modifier extensions](http://hl7.org/fhir/R4/extensibility.html#modifierExtension).","","","","","","","",,,,,"",,,,"BackboneElement.modifierExtension",0,*,"","ele-1:All FHIR elements must have a @value or children {hasValue() or (children().count() > id.count())}
ext-1:Must have either extensions or value[x], not both {extension.exists() != value.exists()}"
"LTCCMSModel.assessment.mental.mood","LTCCMSModel.assessment.mental.mood","","","",1,1,"","","","string {[]} {[]}
","情緒狀態評估","個案情緒狀態的評估結果","","","","","","","","","",,,,,"",,,,"LTCCMSModel.assessment.mental.mood",1,1,"",""
"LTCCMSModel.assessment.mental.behavior","LTCCMSModel.assessment.mental.behavior","","","",1,1,"","","","string {[]} {[]}
","行為模式評估","個案行為模式的評估結果","","","","","","","","","",,,,,"",,,,"LTCCMSModel.assessment.mental.behavior",1,1,"",""
"LTCCMSModel.assessment.mental.cognitive","LTCCMSModel.assessment.mental.cognitive","","","",1,1,"","","","string {[]} {[]}
","認知功能評估","個案認知功能的評估結果","","","","","","","","","",,,,,"",,,,"LTCCMSModel.assessment.mental.cognitive",1,1,"",""
"LTCCMSModel.assessment.caregiverLoad","LTCCMSModel.assessment.caregiverLoad","","","",1,1,"","","","BackboneElement {[]} {[]}
","主要照護者負荷評估","主要照護者負荷的評估","","","","","","","","","",,,,,"",,,,"LTCCMSModel.assessment.caregiverLoad",1,1,"","ele-1:All FHIR elements must have a @value or children {hasValue() or (children().count() > id.count())}
"
"LTCCMSModel.assessment.caregiverLoad.id","LTCCMSModel.assessment.caregiverLoad.id","","","",0,1,"","","","string {[]} {[]}
","Unique id for inter-element referencing","Unique id for the element within a resource (for internal references). This may be any string value that does not contain spaces.","","","","","","","","","",,,,,"",,,,"Element.id",0,1,"",""
"LTCCMSModel.assessment.caregiverLoad.extension","LTCCMSModel.assessment.caregiverLoad.extension","","extensions
user content","",0,*,"","","","Extension {[]} {[]}
","Additional content defined by implementations","May be used to represent additional information that is not part of the basic definition of the element. To make the use of extensions safe and manageable, there is a strict set of governance  applied to the definition and use of extensions. Though any implementer can define an extension, there is a set of requirements that SHALL be met as part of the definition of the extension.","There can be no stigma associated with the use of extensions by any application, project, or standard - regardless of the institution or jurisdiction that uses or defines the extensions.  The use of extensions is what allows the FHIR specification to retain a core level of simplicity for everyone.","","","","","","","","",,,,,"","value:url}
","Extensions are always sliced by (at least) url",,"open","Element.extension",0,*,"","ele-1:All FHIR elements must have a @value or children {hasValue() or (children().count() > id.count())}
ext-1:Must have either extensions or value[x], not both {extension.exists() != value.exists()}"
"LTCCMSModel.assessment.caregiverLoad.modifierExtension","LTCCMSModel.assessment.caregiverLoad.modifierExtension","","extensions
user contentmodifiers","",0,*,"","Y","Y","Extension {[]} {[]}
","Extensions that cannot be ignored even if unrecognized","May be used to represent additional information that is not part of the basic definition of the element and that modifies the understanding of the element in which it is contained and/or the understanding of the containing element's descendants. Usually modifier elements provide negation or qualification. To make the use of extensions safe and manageable, there is a strict set of governance applied to the definition and use of extensions. Though any implementer can define an extension, there is a set of requirements that SHALL be met as part of the definition of the extension. Applications processing a resource are required to check for modifier extensions.

Modifier extensions SHALL NOT change the meaning of any elements on Resource or DomainResource (including cannot change the meaning of modifierExtension itself).","There can be no stigma associated with the use of extensions by any application, project, or standard - regardless of the institution or jurisdiction that uses or defines the extensions.  The use of extensions is what allows the FHIR specification to retain a core level of simplicity for everyone.","Modifier extensions allow for extensions that *cannot* be safely ignored to be clearly distinguished from the vast majority of extensions which can be safely ignored.  This promotes interoperability by eliminating the need for implementers to prohibit the presence of extensions. For further information, see the [definition of modifier extensions](http://hl7.org/fhir/R4/extensibility.html#modifierExtension).","","","","","","","",,,,,"",,,,"BackboneElement.modifierExtension",0,*,"","ele-1:All FHIR elements must have a @value or children {hasValue() or (children().count() > id.count())}
ext-1:Must have either extensions or value[x], not both {extension.exists() != value.exists()}"
"LTCCMSModel.assessment.caregiverLoad.physicalLoad","LTCCMSModel.assessment.caregiverLoad.physicalLoad","","","",1,1,"","","","string {[]} {[]}
","身體負荷評估","主要照護者身體負荷的評估","","","","","","","","","",,,,,"",,,,"LTCCMSModel.assessment.caregiverLoad.physicalLoad",1,1,"",""
"LTCCMSModel.assessment.caregiverLoad.emotionalLoad","LTCCMSModel.assessment.caregiverLoad.emotionalLoad","","","",1,1,"","","","string {[]} {[]}
","情緒負荷評估","主要照護者情緒負荷的評估","","","","","","","","","",,,,,"",,,,"LTCCMSModel.assessment.caregiverLoad.emotionalLoad",1,1,"",""
"LTCCMSModel.assessment.caregiverLoad.socialLoad","LTCCMSModel.assessment.caregiverLoad.socialLoad","","","",1,1,"","","","string {[]} {[]}
","社交負荷評估","主要照護者社交負荷的評估","","","","","","","","","",,,,,"",,,,"LTCCMSModel.assessment.caregiverLoad.socialLoad",1,1,"",""
"LTCCMSModel.assessment.caregiverLoad.financialLoad","LTCCMSModel.assessment.caregiverLoad.financialLoad","","","",1,1,"","","","string {[]} {[]}
","經濟負荷評估","主要照護者經濟負荷的評估","","","","","","","","","",,,,,"",,,,"LTCCMSModel.assessment.caregiverLoad.financialLoad",1,1,"",""
"LTCCMSModel.assessment.caregiverSupport","LTCCMSModel.assessment.caregiverSupport","","","",1,1,"","","","BackboneElement {[]} {[]}
","主要照護者工作與支持評估","主要照護者工作與支持的評估","","","","","","","","","",,,,,"",,,,"LTCCMSModel.assessment.caregiverSupport",1,1,"","ele-1:All FHIR elements must have a @value or children {hasValue() or (children().count() > id.count())}
"
"LTCCMSModel.assessment.caregiverSupport.id","LTCCMSModel.assessment.caregiverSupport.id","","","",0,1,"","","","string {[]} {[]}
","Unique id for inter-element referencing","Unique id for the element within a resource (for internal references). This may be any string value that does not contain spaces.","","","","","","","","","",,,,,"",,,,"Element.id",0,1,"",""
"LTCCMSModel.assessment.caregiverSupport.extension","LTCCMSModel.assessment.caregiverSupport.extension","","extensions
user content","",0,*,"","","","Extension {[]} {[]}
","Additional content defined by implementations","May be used to represent additional information that is not part of the basic definition of the element. To make the use of extensions safe and manageable, there is a strict set of governance  applied to the definition and use of extensions. Though any implementer can define an extension, there is a set of requirements that SHALL be met as part of the definition of the extension.","There can be no stigma associated with the use of extensions by any application, project, or standard - regardless of the institution or jurisdiction that uses or defines the extensions.  The use of extensions is what allows the FHIR specification to retain a core level of simplicity for everyone.","","","","","","","","",,,,,"","value:url}
","Extensions are always sliced by (at least) url",,"open","Element.extension",0,*,"","ele-1:All FHIR elements must have a @value or children {hasValue() or (children().count() > id.count())}
ext-1:Must have either extensions or value[x], not both {extension.exists() != value.exists()}"
"LTCCMSModel.assessment.caregiverSupport.modifierExtension","LTCCMSModel.assessment.caregiverSupport.modifierExtension","","extensions
user contentmodifiers","",0,*,"","Y","Y","Extension {[]} {[]}
","Extensions that cannot be ignored even if unrecognized","May be used to represent additional information that is not part of the basic definition of the element and that modifies the understanding of the element in which it is contained and/or the understanding of the containing element's descendants. Usually modifier elements provide negation or qualification. To make the use of extensions safe and manageable, there is a strict set of governance applied to the definition and use of extensions. Though any implementer can define an extension, there is a set of requirements that SHALL be met as part of the definition of the extension. Applications processing a resource are required to check for modifier extensions.

Modifier extensions SHALL NOT change the meaning of any elements on Resource or DomainResource (including cannot change the meaning of modifierExtension itself).","There can be no stigma associated with the use of extensions by any application, project, or standard - regardless of the institution or jurisdiction that uses or defines the extensions.  The use of extensions is what allows the FHIR specification to retain a core level of simplicity for everyone.","Modifier extensions allow for extensions that *cannot* be safely ignored to be clearly distinguished from the vast majority of extensions which can be safely ignored.  This promotes interoperability by eliminating the need for implementers to prohibit the presence of extensions. For further information, see the [definition of modifier extensions](http://hl7.org/fhir/R4/extensibility.html#modifierExtension).","","","","","","","",,,,,"",,,,"BackboneElement.modifierExtension",0,*,"","ele-1:All FHIR elements must have a @value or children {hasValue() or (children().count() > id.count())}
ext-1:Must have either extensions or value[x], not both {extension.exists() != value.exists()}"
"LTCCMSModel.assessment.caregiverSupport.workStatus","LTCCMSModel.assessment.caregiverSupport.workStatus","","","",1,1,"","","","string {[]} {[]}
","工作狀況","主要照護者的工作狀況","","","","","","","","","",,,,,"",,,,"LTCCMSModel.assessment.caregiverSupport.workStatus",1,1,"",""
"LTCCMSModel.assessment.caregiverSupport.supportNetwork","LTCCMSModel.assessment.caregiverSupport.supportNetwork","","","",1,1,"","","","string {[]} {[]}
","支持網絡評估","主要照護者支持網絡的評估","","","","","","","","","",,,,,"",,,,"LTCCMSModel.assessment.caregiverSupport.supportNetwork",1,1,"",""
"LTCCMSModel.assessment.caregiverSupport.respiteCare","LTCCMSModel.assessment.caregiverSupport.respiteCare","","","",1,1,"","","","string {[]} {[]}
","喘息服務需求評估","主要照護者喘息服務需求的評估","","","","","","","","","",,,,,"",,,,"LTCCMSModel.assessment.caregiverSupport.respiteCare",1,1,"",""
"LTCCMSModel.assessmentDate","LTCCMSModel.assessmentDate","","","",1,1,"","","","date {[]} {[]}
","評估日期","進行評估的日期","","","","","","","","","",,,,,"",,,,"LTCCMSModel.assessmentDate",1,1,"",""
"LTCCMSModel.assessor","LTCCMSModel.assessor","","","",1,1,"","","","BackboneElement {[]} {[]}
","評估人員","執行評估的人員資訊","","","","","","","","","",,,,,"",,,,"LTCCMSModel.assessor",1,1,"","ele-1:All FHIR elements must have a @value or children {hasValue() or (children().count() > id.count())}
"
"LTCCMSModel.assessor.id","LTCCMSModel.assessor.id","","","",0,1,"","","","string {[]} {[]}
","Unique id for inter-element referencing","Unique id for the element within a resource (for internal references). This may be any string value that does not contain spaces.","","","","","","","","","",,,,,"",,,,"Element.id",0,1,"",""
"LTCCMSModel.assessor.extension","LTCCMSModel.assessor.extension","","extensions
user content","",0,*,"","","","Extension {[]} {[]}
","Additional content defined by implementations","May be used to represent additional information that is not part of the basic definition of the element. To make the use of extensions safe and manageable, there is a strict set of governance  applied to the definition and use of extensions. Though any implementer can define an extension, there is a set of requirements that SHALL be met as part of the definition of the extension.","There can be no stigma associated with the use of extensions by any application, project, or standard - regardless of the institution or jurisdiction that uses or defines the extensions.  The use of extensions is what allows the FHIR specification to retain a core level of simplicity for everyone.","","","","","","","","",,,,,"","value:url}
","Extensions are always sliced by (at least) url",,"open","Element.extension",0,*,"","ele-1:All FHIR elements must have a @value or children {hasValue() or (children().count() > id.count())}
ext-1:Must have either extensions or value[x], not both {extension.exists() != value.exists()}"
"LTCCMSModel.assessor.modifierExtension","LTCCMSModel.assessor.modifierExtension","","extensions
user contentmodifiers","",0,*,"","Y","Y","Extension {[]} {[]}
","Extensions that cannot be ignored even if unrecognized","May be used to represent additional information that is not part of the basic definition of the element and that modifies the understanding of the element in which it is contained and/or the understanding of the containing element's descendants. Usually modifier elements provide negation or qualification. To make the use of extensions safe and manageable, there is a strict set of governance applied to the definition and use of extensions. Though any implementer can define an extension, there is a set of requirements that SHALL be met as part of the definition of the extension. Applications processing a resource are required to check for modifier extensions.

Modifier extensions SHALL NOT change the meaning of any elements on Resource or DomainResource (including cannot change the meaning of modifierExtension itself).","There can be no stigma associated with the use of extensions by any application, project, or standard - regardless of the institution or jurisdiction that uses or defines the extensions.  The use of extensions is what allows the FHIR specification to retain a core level of simplicity for everyone.","Modifier extensions allow for extensions that *cannot* be safely ignored to be clearly distinguished from the vast majority of extensions which can be safely ignored.  This promotes interoperability by eliminating the need for implementers to prohibit the presence of extensions. For further information, see the [definition of modifier extensions](http://hl7.org/fhir/R4/extensibility.html#modifierExtension).","","","","","","","",,,,,"",,,,"BackboneElement.modifierExtension",0,*,"","ele-1:All FHIR elements must have a @value or children {hasValue() or (children().count() > id.count())}
ext-1:Must have either extensions or value[x], not both {extension.exists() != value.exists()}"
"LTCCMSModel.assessor.name","LTCCMSModel.assessor.name","","","",1,1,"","","","string {[]} {[]}
","評估人員姓名","評估人員的姓名","","","","","","","","","",,,,,"",,,,"LTCCMSModel.assessor.name",1,1,"",""
"LTCCMSModel.assessor.license","LTCCMSModel.assessor.license","","","",1,1,"","","","string {[]} {[]}
","評估人員證照號碼","評估人員的證照號碼","","","","","","","","","",,,,,"",,,,"LTCCMSModel.assessor.license",1,1,"",""
"LTCCMSModel.assessor.organization","LTCCMSModel.assessor.organization","","","",1,1,"","","","string {[]} {[]}
","評估機構","評估人員所屬的機構","","","","","","","","","",,,,,"",,,,"LTCCMSModel.assessor.organization",1,1,"",""
