URL,Version,Status,OIDs,Name,Title,Descriptino,Uses,Used,Sources
http://hl7.org/fhir/ValueSet/address-type,4.0.1,active,"2.16.840.1.113883.4.642.3.69",AddressType,AddressType,"The type of an address (physical / postal).","StructureDefinition/LTCPatientCMS,StructureDefinition/LTCPatient,StructureDefinition/LTCRelatedPerson,StructureDefinition/Organization-twltc,StructureDefinition/LTCPatientReferral","hl7.fhir.r4.core"
http://hl7.org/fhir/ValueSet/address-use,4.0.1,active,"2.16.840.1.113883.4.642.3.67",AddressUse,AddressUse,"The use of an address.","StructureDefinition/LTCPatientCMS,StructureDefinition/LTCPatient,StructureDefinition/LTCRelatedPerson,StructureDefinition/Organization-twltc,StructureDefinition/LTCPatientReferral","hl7.fhir.r4.core"
http://hl7.org/fhir/ValueSet/administration-method-codes,4.0.1,draft,"2.16.840.1.113883.4.642.3.97",SNOMEDCTAdministrationMethodCodes,SNOMED CT Administration Method Codes,"This value set includes some method codes from SNOMED CT - provided as an exemplar","StructureDefinition/LTCMedicationAdministration","SCT"
http://hl7.org/fhir/ValueSet/administrative-gender,4.0.1,active,"2.16.840.1.113883.4.642.3.1",AdministrativeGender,AdministrativeGender,"The gender of a person used for administrative purposes.","StructureDefinition/LTCPatientCMS,StructureDefinition/LTCPatient,StructureDefinition/LTCRelatedPerson,StructureDefinition/LTCPatientReferral,StructureDefinition/LTCPractitioner","hl7.fhir.r4.core"
http://hl7.org/fhir/ValueSet/approach-site-codes,4.0.1,draft,"2.16.840.1.113883.4.642.3.346",SNOMEDCTAnatomicalStructureForAdministrationSiteCodes,SNOMED CT Anatomical Structure for Administration Site Codes,"This value set includes Anatomical Structure codes from SNOMED CT - provided as an exemplar.","StructureDefinition/LTCMedicationAdministration","SCT"
http://hl7.org/fhir/ValueSet/body-site,4.0.1,draft,"2.16.840.1.113883.4.642.3.141",SNOMEDCTBodyStructures,SNOMED CT Body Structures,"This value set includes all codes from [SNOMED CT](http://snomed.info/sct) where concept is-a 442083009 (Anatomical or acquired body site (body structure)).","StructureDefinition/PASportObservationMeanHeartRate,StructureDefinition/PASportObservationExtracellularWater,StructureDefinition/PASportObservationTotalBodyWater,StructureDefinition/LTCConditionDisabilityType,StructureDefinition/PASportObservationMineral,StructureDefinition/PASportServiceRequest,StructureDefinition/LTCConditionResidence,StructureDefinition/PASportObservationRestingHeartRate,StructureDefinition/PASportConditionExerciseHistory,StructureDefinition/PASportObservationWeight,StructureDefinition/LTCObservationFallingHistory,StructureDefinition/PASportConditionMedicalHistory,StructureDefinition/PASportObservationBodyFatMass,StructureDefinition/PASportObservationWeightTraining,StructureDefinition/PASportObservationWaist,StructureDefinition/PASportObservationPeripheralOxygenSaturation,StructureDefinition/PASportObservationHeartRate,StructureDefinition/PASportObservationBodyTemperature,StructureDefinition/PASportObservationBasalMetabolicRate,StructureDefinition/LTCConditionDisability,StructureDefinition/PASportObservationHeartRateVariability,StructureDefinition/PASportObservationGaitType,StructureDefinition/PASportObservationProtein,StructureDefinition/PASportObservationSkeletalMuscleMassIndex,StructureDefinition/LTCCondition,StructureDefinition/PASportObservationRespiratoryRate,StructureDefinition/PASportObservationSkeletalMuscleMass,StructureDefinition/PASportObservationVisceralFatArea,StructureDefinition/LTCConditionTube,StructureDefinition/PASportObservationBodyFatPercentage,StructureDefinition/LTCObservationVitalSigns,StructureDefinition/PASportObservationCellMass,StructureDefinition/PASportObservationSoftLeanMass,StructureDefinition/PASportObservationGaitCycle,StructureDefinition/PASportObservationHeight,StructureDefinition/PASportObservationBodyMassIndex,StructureDefinition/PASportObservationObesityDegree,StructureDefinition/PASportObservationExtracellularWaterRatio,StructureDefinition/PASportObservationWaistHipRate,StructureDefinition/PASportObservationBodyAge,StructureDefinition/PASportObservationBodyBoneMass,StructureDefinition/PASportObservationBloodPressure,StructureDefinition/PASportObservationGlucose,StructureDefinition/LTCConditionCaregiver,StructureDefinition/PASportObservationVisceralFatIndex,StructureDefinition/PASportObservationTreadmill,StructureDefinition/PASportObservationIntracellularWater,StructureDefinition/LTCConditionCrush,StructureDefinition/PASportObservationFatFreeMass","SCT"
http://hl7.org/fhir/ValueSet/bundle-type,4.0.1,active,"2.16.840.1.113883.4.642.3.620",BundleType,BundleType,"Indicates the purpose of a bundle - how it is intended to be used.","StructureDefinition/LTCBundleCMS,StructureDefinition/LTCBundleReferral","hl7.fhir.r4.core"
http://hl7.org/fhir/ValueSet/c80-practice-codes,4.0.1,active,"2.16.840.1.113883.3.88.12.80.72",PracticeSettingCodeValueSet,Practice Setting Code Value Set,"This is the code representing the clinical specialty of the clinician or provider who interacted with, treated, or provided a service to/for the patient. The value set used for clinical specialty has been limited by HITSP to the value set reproduced from HITSP C80 Table 2-149 Clinical Specialty Value Set Definition.","StructureDefinition/LTCPractitionerRole","SCT"
http://hl7.org/fhir/ValueSet/care-plan-activity-kind,4.0.1,draft,"2.16.840.1.113883.4.642.3.145",CarePlanActivityKind,Care Plan Activity Kind,"Resource types defined as part of FHIR that can be represented as in-line definitions of a care plan activity.","StructureDefinition/LTCCarePlanReferral,StructureDefinition/LTCCarePlan,StructureDefinition/PASportCarePlan","hl7.fhir.r4.core"
http://hl7.org/fhir/ValueSet/care-plan-activity-outcome,4.0.1,draft,"2.16.840.1.113883.4.642.3.149",CarePlanActivityOutcome,Care Plan Activity Outcome,"Example codes indicating the outcome of a care plan activity. Note that these are in no way complete and might not even be appropriate for some uses.","StructureDefinition/LTCCarePlanReferral,StructureDefinition/LTCCarePlan,StructureDefinition/PASportCarePlan","SCT"
http://hl7.org/fhir/ValueSet/care-plan-activity-status,4.0.1,draft,"2.16.840.1.113883.4.642.3.146",CarePlanActivityStatus,CarePlanActivityStatus,"Codes that reflect the current state of a care plan activity within its overall life cycle.","StructureDefinition/LTCCarePlanReferral,StructureDefinition/LTCCarePlan,StructureDefinition/PASportCarePlan","hl7.fhir.r4.core"
http://hl7.org/fhir/ValueSet/care-plan-category,4.0.1,draft,"2.16.840.1.113883.4.642.3.148",CarePlanCategory,Care Plan Category,"Example codes indicating the category a care plan falls within.  Note that these are in no way complete and might not even be appropriate for some uses.","StructureDefinition/LTCCarePlanReferral,StructureDefinition/LTCCarePlan,StructureDefinition/PASportCarePlan","SCT"
http://hl7.org/fhir/ValueSet/care-plan-intent,4.0.1,draft,"2.16.840.1.113883.4.642.3.150",CarePlanIntent,Care Plan Intent,"Codes indicating the degree of authority/intentionality associated with a care plan.","StructureDefinition/LTCCarePlanReferral,StructureDefinition/LTCCarePlan,StructureDefinition/PASportCarePlan","hl7.fhir.r4.core"
http://hl7.org/fhir/ValueSet/care-team-category,4.0.1,draft,"2.16.840.1.113883.4.642.3.155",CareTeamCategory,Care Team category,"Indicates the type of care team.","StructureDefinition/LTCCareTeam","LOINC"
http://hl7.org/fhir/ValueSet/care-team-status,4.0.1,draft,"2.16.840.1.113883.4.642.3.153",CareTeamStatus,CareTeamStatus,"Indicates the status of the care team.","StructureDefinition/LTCCareTeam","hl7.fhir.r4.core"
http://hl7.org/fhir/ValueSet/clinical-findings,4.0.1,draft,"2.16.840.1.113883.4.642.3.232",SNOMEDCTClinicalFindings,SNOMED CT Clinical Findings,"This value set includes all the ""Clinical finding"" [SNOMED CT](http://snomed.info/sct) codes - concepts where concept is-a 404684003 (Clinical finding (finding)).","StructureDefinition/LTCCareTeam,StructureDefinition/LTCGoal,StructureDefinition/LTCCarePlanReferral,StructureDefinition/LTCCarePlan,StructureDefinition/PASportCarePlan,StructureDefinition/PASportGoal","SCT"
http://hl7.org/fhir/ValueSet/composition-attestation-mode,4.0.1,draft,"2.16.840.1.113883.4.642.3.238",CompositionAttestationMode,CompositionAttestationMode,"The way in which a person authenticated a composition.","StructureDefinition/LTCCompositionCMS,StructureDefinition/LTCCompositionReferral","hl7.fhir.r4.core"
http://hl7.org/fhir/ValueSet/composition-status,4.0.1,draft,"2.16.840.1.113883.4.642.3.241",CompositionStatus,CompositionStatus,"The workflow/clinical status of the composition.","StructureDefinition/LTCCompositionCMS,StructureDefinition/LTCCompositionReferral","hl7.fhir.r4.core"
http://hl7.org/fhir/ValueSet/condition-category,4.0.1,draft,"2.16.840.1.113883.4.642.3.162",ConditionCategoryCodes,Condition Category Codes,"Preferred value set for Condition Categories.","StructureDefinition/LTCConditionDisabilityType,StructureDefinition/LTCConditionCaregiver,StructureDefinition/LTCCondition,StructureDefinition/PASportConditionMedicalHistory,StructureDefinition/LTCConditionCrush,StructureDefinition/LTCConditionResidence,StructureDefinition/LTCConditionDisability,StructureDefinition/LTCConditionTube,StructureDefinition/PASportConditionExerciseHistory","THO"
http://hl7.org/fhir/ValueSet/condition-clinical,4.0.1,draft,"2.16.840.1.113883.4.642.3.164",ConditionClinicalStatusCodes,Condition Clinical Status Codes,"Preferred value set for Condition Clinical Status.","StructureDefinition/LTCConditionDisabilityType,StructureDefinition/LTCConditionCaregiver,StructureDefinition/LTCCondition,StructureDefinition/PASportConditionMedicalHistory,StructureDefinition/LTCConditionCrush,StructureDefinition/LTCConditionResidence,StructureDefinition/LTCConditionDisability,StructureDefinition/LTCConditionTube,StructureDefinition/PASportConditionExerciseHistory","THO"
http://hl7.org/fhir/ValueSet/condition-code,4.0.1,draft,"2.16.840.1.113883.4.642.3.161",Condition/Problem/DiagnosisCodes,Condition/Problem/Diagnosis Codes,"Example value set for Condition/Problem/Diagnosis codes.","StructureDefinition/LTCCondition,StructureDefinition/PASportConditionMedicalHistory,StructureDefinition/PASportConditionExerciseHistory","SCT"
http://hl7.org/fhir/ValueSet/condition-severity,4.0.1,draft,"2.16.840.1.113883.4.642.3.168",Condition/DiagnosisSeverity,Condition/Diagnosis Severity,"Preferred value set for Condition/Diagnosis severity grading.","ValueSet/ConditionSeverityVS-TWLTC,StructureDefinition/LTCConditionCaregiver,StructureDefinition/LTCCondition,StructureDefinition/PASportConditionMedicalHistory,StructureDefinition/LTCConditionCrush,StructureDefinition/LTCConditionResidence,StructureDefinition/LTCConditionDisability,StructureDefinition/LTCConditionTube,StructureDefinition/PASportConditionExerciseHistory","SCT"
http://hl7.org/fhir/ValueSet/condition-stage,4.0.1,draft,"2.16.840.1.113883.4.642.3.170",ConditionStage,Condition Stage,"Example value set for stages of cancer and other conditions.","StructureDefinition/LTCConditionDisabilityType,StructureDefinition/LTCConditionCaregiver,StructureDefinition/LTCCondition,StructureDefinition/PASportConditionMedicalHistory,StructureDefinition/LTCConditionCrush,StructureDefinition/LTCConditionResidence,StructureDefinition/LTCConditionDisability,StructureDefinition/LTCConditionTube,StructureDefinition/PASportConditionExerciseHistory","SCT"
http://hl7.org/fhir/ValueSet/condition-stage-type,4.0.1,draft,"2.16.840.1.113883.4.642.3.171",ConditionStageType,Condition Stage Type,"Example value set for the type of stages of cancer and other conditions","StructureDefinition/LTCConditionDisabilityType,StructureDefinition/LTCConditionCaregiver,StructureDefinition/LTCCondition,StructureDefinition/PASportConditionMedicalHistory,StructureDefinition/LTCConditionCrush,StructureDefinition/LTCConditionResidence,StructureDefinition/LTCConditionDisability,StructureDefinition/LTCConditionTube,StructureDefinition/PASportConditionExerciseHistory","SCT"
http://hl7.org/fhir/ValueSet/condition-ver-status,4.0.1,draft,"2.16.840.1.113883.4.642.3.166",ConditionVerificationStatus,ConditionVerificationStatus,"The verification status to support or decline the clinical status of the condition or diagnosis.","StructureDefinition/LTCConditionDisabilityType,StructureDefinition/LTCConditionCaregiver,StructureDefinition/LTCCondition,StructureDefinition/PASportConditionMedicalHistory,StructureDefinition/LTCConditionCrush,StructureDefinition/LTCConditionResidence,StructureDefinition/LTCConditionDisability,StructureDefinition/LTCConditionTube,StructureDefinition/PASportConditionExerciseHistory","THO"
http://hl7.org/fhir/ValueSet/contact-point-system,4.0.1,active,"2.16.840.1.113883.4.642.3.71",ContactPointSystem,ContactPointSystem,"Telecommunications form for contact point.","StructureDefinition/LTCPatientCMS,StructureDefinition/LTCPatient,StructureDefinition/LTCRelatedPerson,StructureDefinition/Organization-twltc,StructureDefinition/LTCPatientReferral,StructureDefinition/LTCPractitioner,StructureDefinition/LTCPractitionerRole","hl7.fhir.r4.core"
http://hl7.org/fhir/ValueSet/contact-point-use,4.0.1,active,"2.16.840.1.113883.4.642.3.73",ContactPointUse,ContactPointUse,"Use of contact point.","StructureDefinition/LTCPatientCMS,StructureDefinition/LTCPatient,StructureDefinition/LTCRelatedPerson,StructureDefinition/Organization-twltc,StructureDefinition/LTCPatientReferral,StructureDefinition/LTCPractitioner,StructureDefinition/LTCPractitionerRole","hl7.fhir.r4.core"
http://hl7.org/fhir/ValueSet/contactentity-type,4.0.1,draft,"2.16.840.1.113883.4.642.3.416",ContactEntityType,Contact entity type,"This example value set defines a set of codes that can be used to indicate the purpose for which you would contact a contact party.","StructureDefinition/Organization-twltc","THO"
http://hl7.org/fhir/ValueSet/data-absent-reason,4.0.1,active,"2.16.840.1.113883.4.642.3.5",DataAbsentReason,DataAbsentReason,"Used to specify why the normally expected content of the data element is missing.","StructureDefinition/PASportObservationMeanHeartRate,StructureDefinition/PASportObservationExtracellularWater,StructureDefinition/PASportObservationBodyFatPercentage,StructureDefinition/LTCObservationVitalSigns,StructureDefinition/PASportObservationTotalBodyWater,StructureDefinition/PASportObservationMineral,StructureDefinition/PASportObservationCellMass,StructureDefinition/PASportObservationRestingHeartRate,StructureDefinition/PASportObservationSoftLeanMass,StructureDefinition/PASportObservationGaitCycle,StructureDefinition/PASportObservationWeight,StructureDefinition/LTCObservationFallingHistory,StructureDefinition/PASportObservationBodyMassIndex,StructureDefinition/PASportObservationHeight,StructureDefinition/PASportObservationObesityDegree,StructureDefinition/PASportObservationExtracellularWaterRatio,StructureDefinition/PASportObservationWaistHipRate,StructureDefinition/PASportObservationBodyAge,StructureDefinition/PASportObservationBodyBoneMass,StructureDefinition/PASportObservationBodyFatMass,StructureDefinition/PASportObservationWeightTraining,StructureDefinition/PASportObservationBloodPressure,StructureDefinition/PASportObservationWaist,StructureDefinition/PASportObservationPeripheralOxygenSaturation,StructureDefinition/PASportObservationGlucose,StructureDefinition/PASportObservationHeartRate,StructureDefinition/PASportObservationBodyTemperature,StructureDefinition/PASportObservationVisceralFatIndex,StructureDefinition/PASportObservationBasalMetabolicRate,StructureDefinition/PASportObservationTreadmill,StructureDefinition/PASportObservationHeartRateVariability,StructureDefinition/PASportObservationGaitType,StructureDefinition/PASportObservationProtein,StructureDefinition/PASportObservationIntracellularWater,StructureDefinition/PASportObservationSkeletalMuscleMassIndex,StructureDefinition/PASportObservationRespiratoryRate,StructureDefinition/PASportObservationFatFreeMass,StructureDefinition/PASportObservationSkeletalMuscleMass,StructureDefinition/PASportObservationVisceralFatArea","THO"
http://hl7.org/fhir/ValueSet/days-of-week,4.0.1,active,"2.16.840.1.113883.4.642.3.512",DaysOfWeek,DaysOfWeek,"The days of the week.","StructureDefinition/LTCPractitionerRole","hl7.fhir.r4.core"
http://hl7.org/fhir/ValueSet/document-relationship-type,4.0.1,draft,"2.16.840.1.113883.4.642.3.244",DocumentRelationshipType,DocumentRelationshipType,"The type of relationship between documents.","StructureDefinition/LTCCompositionCMS,StructureDefinition/LTCCompositionReferral","hl7.fhir.r4.core"
http://hl7.org/fhir/ValueSet/goal-achievement,4.0.1,draft,"2.16.840.1.113883.4.642.3.1374",GoalAchievementStatus,Goal achievement status,"Describes the progression, or lack thereof, towards the goal against the target.","StructureDefinition/LTCGoal,StructureDefinition/PASportGoal","THO"
http://hl7.org/fhir/ValueSet/goal-category,4.0.1,draft,"2.16.840.1.113883.4.642.3.275",GoalCategory,Goal category,"Example codes for grouping goals to use for filtering or presentation.","StructureDefinition/LTCGoal,StructureDefinition/PASportGoal","THO"
http://hl7.org/fhir/ValueSet/goal-priority,4.0.1,draft,"2.16.840.1.113883.4.642.3.273",GoalPriority,Goal priority,"Indicates the level of importance associated with reaching or sustaining a goal.","StructureDefinition/LTCGoal,StructureDefinition/PASportGoal","THO"
http://hl7.org/fhir/ValueSet/goal-start-event,4.0.1,draft,"2.16.840.1.113883.4.642.3.279",GoalStartEvent,Goal start event,"Identifies types of events that might trigger the start of a goal.","StructureDefinition/LTCGoal,StructureDefinition/PASportGoal","SCT"
http://hl7.org/fhir/ValueSet/goal-status,4.0.1,draft,"2.16.840.1.113883.4.642.3.271",GoalLifecycleStatus,GoalLifecycleStatus,"Codes that reflect the current state of a goal and whether the goal is still being targeted.","StructureDefinition/LTCGoal,StructureDefinition/PASportGoal","hl7.fhir.r4.core"
http://hl7.org/fhir/ValueSet/http-verb,4.0.1,active,"2.16.840.1.113883.4.642.3.624",HTTPVerb,HTTPVerb,"HTTP verbs (in the HTTP command line). See [HTTP rfc](https://tools.ietf.org/html/rfc7231) for details.","StructureDefinition/LTCBundleCMS,StructureDefinition/LTCBundleReferral","hl7.fhir.r4.core"
http://hl7.org/fhir/ValueSet/identifier-type,4.0.1,active,"2.16.840.1.113883.4.642.3.45",Identifier Type Codes,IdentifierType,"A coded type for an identifier that can be used to determine which identifier to use for a specific purpose.","StructureDefinition/LTCPatientCMS,StructureDefinition/LTCPatient,StructureDefinition/PASportServiceRequest,StructureDefinition/LTCPatientReferral,StructureDefinition/PASportGoal","THO (V2)"
http://hl7.org/fhir/ValueSet/identifier-use,4.0.1,active,"2.16.840.1.113883.4.642.3.57",IdentifierUse,IdentifierUse,"Identifies the purpose for this identifier, if known .","StructureDefinition/LTCPatientCMS,StructureDefinition/LTCPatient,StructureDefinition/PASportServiceRequest,StructureDefinition/Organization-twltc,StructureDefinition/LTCPatientReferral,StructureDefinition/LTCPractitioner,StructureDefinition/PASportGoal","hl7.fhir.r4.core"
http://hl7.org/fhir/ValueSet/item-type,4.0.1,draft,"2.16.840.1.113883.4.642.3.444",QuestionnaireItemType,QuestionnaireItemType,"Distinguishes groups from questions and display text and indicates data type for questions.","StructureDefinition/LTCQuestionnaire","hl7.fhir.r4.core"
http://hl7.org/fhir/ValueSet/jurisdiction,4.0.1,active,"2.16.840.1.113883.4.642.3.48",Jurisdiction ValueSet,Jurisdiction,"This value set defines a base set of codes for country, country subdivision and region    for indicating where a resource is intended to be used.             Note: The codes for countries and country subdivisions are taken from    [ISO 3166](https://www.iso.org/iso-3166-country-codes.html)    while the codes for ""supra-national"" regions are from    [UN Standard country or area codes for statistical use (M49)](http://unstats.un.org/unsd/methods/m49/m49.htm).","StructureDefinition/LTCQuestionnaire","hl7.terminology.r4,Other"
http://hl7.org/fhir/ValueSet/languages,4.0.1,draft,"2.16.840.1.113883.4.642.3.20",CommonLanguages,Common Languages,"This value set includes common codes from BCP-47 (http://tools.ietf.org/html/bcp47)","StructureDefinition/PASportObservationMeanHeartRate,StructureDefinition/PASportObservationExtracellularWater,StructureDefinition/PASportObservationTotalBodyWater,StructureDefinition/LTCPatientCMS,StructureDefinition/LTCConditionDisabilityType,StructureDefinition/PASportObservationMineral,StructureDefinition/LTCQuestionnaireResponseCMSMental,StructureDefinition/PASportServiceRequest,StructureDefinition/LTCConditionResidence,StructureDefinition/PASportObservationRestingHeartRate,StructureDefinition/PASportConditionExerciseHistory,StructureDefinition/PASportObservationWeight,StructureDefinition/LTCQuestionnaireResponseCMSCaregiverLoad,StructureDefinition/LTCObservationFallingHistory,StructureDefinition/PASportConditionMedicalHistory,StructureDefinition/LTCQuestionnaireResponseCMSCommunication,StructureDefinition/LTCQuestionnaireResponseCMSSpecialCare,StructureDefinition/PASportObservationBodyFatMass,StructureDefinition/LTCQuestionnaireResponseReferralIADL,StructureDefinition/PASportObservationWeightTraining,StructureDefinition/LTCGoal,StructureDefinition/LTCQuestionnaireResponse,StructureDefinition/PASportObservationWaist,StructureDefinition/LTCCarePlanReferral,StructureDefinition/LTCCarePlan,StructureDefinition/PASportObservationPeripheralOxygenSaturation,StructureDefinition/PASportObservationHeartRate,StructureDefinition/PASportObservationBodyTemperature,StructureDefinition/PASportObservationBasalMetabolicRate,StructureDefinition/Organization-twltc,StructureDefinition/LTCConditionDisability,StructureDefinition/PASportObservationHeartRateVariability,StructureDefinition/PASportObservationGaitType,StructureDefinition/LTCBundleCMS,StructureDefinition/PASportObservationProtein,StructureDefinition/LTCCompositionCMS,StructureDefinition/PASportObservationSkeletalMuscleMassIndex,StructureDefinition/LTCQuestionnaireResponseCMSIADL,StructureDefinition/LTCCondition,StructureDefinition/PASportObservationRespiratoryRate,StructureDefinition/PASportObservationSkeletalMuscleMass,StructureDefinition/LTCQuestionnaire,StructureDefinition/PASportObservationVisceralFatArea,StructureDefinition/LTCConditionTube,StructureDefinition/LTCPatientReferral,StructureDefinition/LTCMedicationAdministration,StructureDefinition/LTCQuestionnaireResponseCMSMemory,StructureDefinition/LTCQuestionnaireResponseCMSCaregiverSupport,StructureDefinition/LTCBundleReferral,StructureDefinition/PASportObservationBodyFatPercentage,StructureDefinition/LTCObservationVitalSigns,StructureDefinition/PASportObservationCellMass,StructureDefinition/PASportObservationSoftLeanMass,StructureDefinition/LTCQuestionnaireResponseCMSSociety,StructureDefinition/PASportObservationGaitCycle,StructureDefinition/PASportObservationHeight,StructureDefinition/PASportObservationBodyMassIndex,StructureDefinition/PASportObservationObesityDegree,StructureDefinition/PASportObservationExtracellularWaterRatio,StructureDefinition/PASportObservationWaistHipRate,StructureDefinition/LTCRelatedPerson,StructureDefinition/LTCQuestionnaireResponseReferralSOF,StructureDefinition/PASportObservationBodyAge,StructureDefinition/PASportObservationBodyBoneMass,StructureDefinition/PASportCarePlan,StructureDefinition/PASportGoal,StructureDefinition/PASportObservationBloodPressure,StructureDefinition/LTCPatient,StructureDefinition/PASportObservationGlucose,StructureDefinition/LTCConditionCaregiver,StructureDefinition/LTCQuestionnaireResponseCMSADL,StructureDefinition/PASportObservationVisceralFatIndex,StructureDefinition/LTCCompositionReferral,StructureDefinition/PASportObservationTreadmill,StructureDefinition/LTCCareTeam,StructureDefinition/PASportObservationIntracellularWater,StructureDefinition/LTCQuestionnaireResponseReferralCaregiver,StructureDefinition/LTCConditionCrush,StructureDefinition/PASportObservationFatFreeMass,StructureDefinition/LTCQuestionnaireResponseReferralADL,StructureDefinition/LTCPractitioner,StructureDefinition/LTCPractitionerRole","hl7.terminology.r4"
http://hl7.org/fhir/ValueSet/link-type,4.0.1,active,"2.16.840.1.113883.4.642.3.423",LinkType,LinkType,"The type of link between this patient resource and another patient resource.","StructureDefinition/LTCPatientCMS,StructureDefinition/LTCPatient,StructureDefinition/LTCPatientReferral","hl7.fhir.r4.core"
http://hl7.org/fhir/ValueSet/list-empty-reason,4.0.1,draft,"2.16.840.1.113883.4.642.3.322",ListEmptyReasons,List Empty Reasons,"General reasons for a list to be empty. Reasons are either related to a summary list (i.e. problem or medication list) or to a workflow related list (i.e. consultation list).","StructureDefinition/LTCCompositionCMS,StructureDefinition/LTCCompositionReferral","THO"
http://hl7.org/fhir/ValueSet/list-mode,4.0.1,draft,"2.16.840.1.113883.4.642.3.318",ListMode,ListMode,"The processing mode that applies to this list.","StructureDefinition/LTCCompositionCMS,StructureDefinition/LTCCompositionReferral","hl7.fhir.r4.core"
http://hl7.org/fhir/ValueSet/list-order,4.0.1,draft,"2.16.840.1.113883.4.642.3.324",ListOrderCodes,List Order Codes,"Base values for the order of the items in a list resource.","StructureDefinition/LTCCompositionCMS,StructureDefinition/LTCCompositionReferral","THO"
http://hl7.org/fhir/ValueSet/manifestation-or-symptom,4.0.1,draft,"2.16.840.1.113883.4.642.3.169",ManifestationAndSymptomCodes,Manifestation and Symptom Codes,"Example value set for Manifestation and Symptom codes.","StructureDefinition/LTCConditionDisabilityType,StructureDefinition/LTCConditionCaregiver,StructureDefinition/LTCCondition,StructureDefinition/PASportConditionMedicalHistory,StructureDefinition/LTCConditionCrush,StructureDefinition/LTCConditionResidence,StructureDefinition/LTCConditionDisability,StructureDefinition/LTCConditionTube,StructureDefinition/PASportConditionExerciseHistory","SCT"
http://hl7.org/fhir/ValueSet/marital-status,4.0.1,active,"2.16.840.1.113883.4.642.3.29",Marital Status Codes,MaritalStatus,"This value set defines the set of codes that can be used to indicate the marital status of a person.","StructureDefinition/LTCPatientCMS,StructureDefinition/LTCPatient,StructureDefinition/LTCPatientReferral","THO (V3)"
http://hl7.org/fhir/ValueSet/med-admin-perform-function,4.0.1,draft,"2.16.840.1.113883.4.642.3.349",MedicationAdministration Performer Function Codes,Medication administration  performer  function  codes,"MedicationAdministration Performer Function Codes","StructureDefinition/LTCMedicationAdministration","THO"
http://hl7.org/fhir/ValueSet/medication-admin-category,4.0.1,draft,"2.16.840.1.113883.4.642.3.347",MedicationAdministration Category Codes,Medication administration  category  codes,"MedicationAdministration Category Codes","StructureDefinition/LTCMedicationAdministration","THO"
http://hl7.org/fhir/ValueSet/medication-admin-status,4.0.1,draft,"2.16.840.1.113883.4.642.3.340",MedicationAdministration Status Codes,Medication administration  status  codes,"MedicationAdministration Status Codes","StructureDefinition/LTCMedicationAdministration","THO"
http://hl7.org/fhir/ValueSet/medication-as-needed-reason,4.0.1,draft,"2.16.840.1.113883.4.642.3.96",SNOMEDCTMedicationAsNeededReasonCodes,SNOMED CT Medication As Needed Reason Codes,"This value set includes all clinical findings from SNOMED CT - provided as an exemplar value set.","StructureDefinition/PASportServiceRequest","SCT"
http://hl7.org/fhir/ValueSet/medication-codes,4.0.1,draft,"2.16.840.1.113883.4.642.3.375",SNOMEDCTMedicationCodes,SNOMED CT Medication Codes,"This value set includes all drug or medicament substance codes and all pharmaceutical/biologic products from SNOMED CT - provided as an exemplar value set.","StructureDefinition/LTCCarePlanReferral,StructureDefinition/LTCCarePlan,StructureDefinition/PASportCarePlan,StructureDefinition/LTCMedicationAdministration","SCT"
http://hl7.org/fhir/ValueSet/name-use,4.0.1,active,"2.16.840.1.113883.4.642.3.65",NameUse,NameUse,"The use of a human name.","StructureDefinition/LTCPatientCMS,StructureDefinition/LTCPatient,StructureDefinition/LTCRelatedPerson,StructureDefinition/LTCPatientReferral,StructureDefinition/LTCPractitioner","hl7.fhir.r4.core"
http://hl7.org/fhir/ValueSet/observation-category,4.0.1,draft,"2.16.840.1.113883.4.642.3.403",ObservationCategoryCodes,Observation Category Codes,"Observation Category codes.","StructureDefinition/PASportObservationMeanHeartRate,StructureDefinition/PASportObservationExtracellularWater,StructureDefinition/PASportObservationBodyFatPercentage,StructureDefinition/LTCObservationVitalSigns,StructureDefinition/PASportObservationTotalBodyWater,StructureDefinition/PASportObservationMineral,StructureDefinition/PASportObservationCellMass,StructureDefinition/PASportObservationRestingHeartRate,StructureDefinition/PASportObservationSoftLeanMass,StructureDefinition/PASportObservationGaitCycle,StructureDefinition/PASportObservationWeight,StructureDefinition/PASportObservationBodyMassIndex,StructureDefinition/PASportObservationHeight,StructureDefinition/PASportObservationObesityDegree,StructureDefinition/PASportObservationExtracellularWaterRatio,StructureDefinition/PASportObservationWaistHipRate,StructureDefinition/PASportObservationBodyAge,StructureDefinition/PASportObservationBodyBoneMass,StructureDefinition/PASportObservationBodyFatMass,StructureDefinition/PASportObservationWeightTraining,StructureDefinition/PASportObservationBloodPressure,StructureDefinition/PASportObservationWaist,StructureDefinition/PASportObservationPeripheralOxygenSaturation,StructureDefinition/PASportObservationGlucose,StructureDefinition/PASportObservationHeartRate,StructureDefinition/PASportObservationBodyTemperature,StructureDefinition/PASportObservationVisceralFatIndex,StructureDefinition/PASportObservationBasalMetabolicRate,StructureDefinition/PASportObservationTreadmill,StructureDefinition/PASportObservationHeartRateVariability,StructureDefinition/PASportObservationGaitType,StructureDefinition/PASportObservationProtein,StructureDefinition/PASportObservationIntracellularWater,StructureDefinition/PASportObservationSkeletalMuscleMassIndex,StructureDefinition/PASportObservationRespiratoryRate,StructureDefinition/PASportObservationFatFreeMass,StructureDefinition/PASportObservationSkeletalMuscleMass,StructureDefinition/PASportObservationVisceralFatArea","THO"
http://hl7.org/fhir/ValueSet/observation-codes,4.0.1,draft,"2.16.840.1.113883.4.642.3.396",LOINCCodes,LOINC Codes,"This value set includes all LOINC codes","StructureDefinition/PASportObservationMeanHeartRate,StructureDefinition/PASportObservationExtracellularWater,StructureDefinition/PASportObservationBodyFatPercentage,StructureDefinition/PASportObservationTotalBodyWater,StructureDefinition/PASportObservationMineral,StructureDefinition/PASportServiceRequest,StructureDefinition/PASportObservationCellMass,StructureDefinition/PASportObservationRestingHeartRate,StructureDefinition/PASportObservationSoftLeanMass,StructureDefinition/PASportObservationGaitCycle,StructureDefinition/LTCObservationFallingHistory,StructureDefinition/PASportObservationObesityDegree,StructureDefinition/PASportObservationExtracellularWaterRatio,StructureDefinition/PASportObservationWaistHipRate,StructureDefinition/PASportObservationBodyAge,StructureDefinition/PASportObservationBodyBoneMass,StructureDefinition/PASportGoal,StructureDefinition/PASportObservationBodyFatMass,StructureDefinition/PASportObservationWeightTraining,StructureDefinition/LTCGoal,StructureDefinition/PASportObservationWaist,StructureDefinition/PASportObservationGlucose,StructureDefinition/PASportObservationVisceralFatIndex,StructureDefinition/PASportObservationBasalMetabolicRate,StructureDefinition/PASportObservationTreadmill,StructureDefinition/PASportObservationHeartRateVariability,StructureDefinition/PASportObservationGaitType,StructureDefinition/PASportObservationProtein,StructureDefinition/PASportObservationIntracellularWater,StructureDefinition/PASportObservationSkeletalMuscleMassIndex,StructureDefinition/PASportObservationFatFreeMass,StructureDefinition/PASportObservationSkeletalMuscleMass,StructureDefinition/PASportObservationVisceralFatArea","LOINC"
http://hl7.org/fhir/ValueSet/observation-interpretation,4.0.1,active,"2.16.840.1.113883.4.642.3.399",ObservationInterpretationCodes,Observation Interpretation Codes,"A categorical assessment, providing a rough qualitative interpretation of the observation value,    such as “normal”/ “abnormal”,”low” / “high”, “better” / “worse”, “susceptible” / “resistant”, “expected”/ “not expected”.    The value set is intended to be for ANY use where coded representation of an interpretation is needed.             Notes:          This is being communicated in v2.x in OBX-8 (Observation Interpretation), in v3 in ObservationInterpretation (CWE) in R1 (Representative Realm) and in FHIR in    Observation.interpretation. Historically these values come from the laboratory domain, and these codes are extensively    used. The value set binding is extensible, so codes outside the value set that are needed for interpretation concepts    (i.e. particular meanings) that are not included in the value set can be used, and these new codes may also be added to    the value set and published in a future version.","StructureDefinition/PASportObservationMeanHeartRate,StructureDefinition/PASportObservationExtracellularWater,StructureDefinition/PASportObservationBodyFatPercentage,StructureDefinition/LTCObservationVitalSigns,StructureDefinition/PASportObservationTotalBodyWater,StructureDefinition/PASportObservationMineral,StructureDefinition/PASportObservationCellMass,StructureDefinition/PASportObservationRestingHeartRate,StructureDefinition/PASportObservationSoftLeanMass,StructureDefinition/PASportObservationGaitCycle,StructureDefinition/PASportObservationWeight,StructureDefinition/LTCObservationFallingHistory,StructureDefinition/PASportObservationBodyMassIndex,StructureDefinition/PASportObservationHeight,StructureDefinition/PASportObservationObesityDegree,StructureDefinition/PASportObservationExtracellularWaterRatio,StructureDefinition/PASportObservationWaistHipRate,StructureDefinition/PASportObservationBodyAge,StructureDefinition/PASportObservationBodyBoneMass,StructureDefinition/PASportObservationBodyFatMass,StructureDefinition/PASportObservationWeightTraining,StructureDefinition/PASportObservationBloodPressure,StructureDefinition/PASportObservationWaist,StructureDefinition/PASportObservationPeripheralOxygenSaturation,StructureDefinition/PASportObservationGlucose,StructureDefinition/PASportObservationHeartRate,StructureDefinition/PASportObservationBodyTemperature,StructureDefinition/PASportObservationVisceralFatIndex,StructureDefinition/PASportObservationBasalMetabolicRate,StructureDefinition/PASportObservationTreadmill,StructureDefinition/PASportObservationHeartRateVariability,StructureDefinition/PASportObservationGaitType,StructureDefinition/PASportObservationProtein,StructureDefinition/PASportObservationIntracellularWater,StructureDefinition/PASportObservationSkeletalMuscleMassIndex,StructureDefinition/PASportObservationRespiratoryRate,StructureDefinition/PASportObservationFatFreeMass,StructureDefinition/PASportObservationSkeletalMuscleMass,StructureDefinition/PASportObservationVisceralFatArea","THO (V3)"
http://hl7.org/fhir/ValueSet/observation-methods,4.0.1,draft,"2.16.840.1.113883.4.642.3.395",ObservationMethods,Observation Methods,"Observation Method codes from [SNOMED CT](http://snomed.info/sct) where concept is-a 272394005 (Technique (qualifier value)) or is-a 129264002 (Action (qualifier value)) or is-a 386053000 (Evaluation procedure(procedure))","StructureDefinition/PASportObservationMeanHeartRate,StructureDefinition/PASportObservationExtracellularWater,StructureDefinition/PASportObservationBodyFatPercentage,StructureDefinition/LTCObservationVitalSigns,StructureDefinition/PASportObservationTotalBodyWater,StructureDefinition/PASportObservationMineral,StructureDefinition/PASportObservationCellMass,StructureDefinition/PASportObservationRestingHeartRate,StructureDefinition/PASportObservationSoftLeanMass,StructureDefinition/PASportObservationGaitCycle,StructureDefinition/PASportObservationWeight,StructureDefinition/LTCObservationFallingHistory,StructureDefinition/PASportObservationBodyMassIndex,StructureDefinition/PASportObservationHeight,StructureDefinition/PASportObservationObesityDegree,StructureDefinition/PASportObservationExtracellularWaterRatio,StructureDefinition/PASportObservationWaistHipRate,StructureDefinition/PASportObservationBodyAge,StructureDefinition/PASportObservationBodyBoneMass,StructureDefinition/PASportObservationBodyFatMass,StructureDefinition/PASportObservationWeightTraining,StructureDefinition/PASportObservationBloodPressure,StructureDefinition/PASportObservationWaist,StructureDefinition/PASportObservationPeripheralOxygenSaturation,StructureDefinition/PASportObservationGlucose,StructureDefinition/PASportObservationHeartRate,StructureDefinition/PASportObservationBodyTemperature,StructureDefinition/PASportObservationVisceralFatIndex,StructureDefinition/PASportObservationBasalMetabolicRate,StructureDefinition/PASportObservationTreadmill,StructureDefinition/PASportObservationHeartRateVariability,StructureDefinition/PASportObservationGaitType,StructureDefinition/PASportObservationProtein,StructureDefinition/PASportObservationIntracellularWater,StructureDefinition/PASportObservationSkeletalMuscleMassIndex,StructureDefinition/PASportObservationRespiratoryRate,StructureDefinition/PASportObservationFatFreeMass,StructureDefinition/PASportObservationSkeletalMuscleMass,StructureDefinition/PASportObservationVisceralFatArea","SCT"
http://hl7.org/fhir/ValueSet/observation-status,4.0.1,active,"2.16.840.1.113883.4.642.3.400",ObservationStatus,ObservationStatus,"Codes providing the status of an observation.","StructureDefinition/PASportObservationMeanHeartRate,StructureDefinition/PASportObservationExtracellularWater,StructureDefinition/PASportObservationBodyFatPercentage,StructureDefinition/LTCObservationVitalSigns,StructureDefinition/PASportObservationTotalBodyWater,StructureDefinition/PASportObservationMineral,StructureDefinition/PASportObservationCellMass,StructureDefinition/PASportObservationRestingHeartRate,StructureDefinition/PASportObservationSoftLeanMass,StructureDefinition/PASportObservationGaitCycle,StructureDefinition/PASportObservationWeight,StructureDefinition/LTCObservationFallingHistory,StructureDefinition/PASportObservationBodyMassIndex,StructureDefinition/PASportObservationHeight,StructureDefinition/PASportObservationObesityDegree,StructureDefinition/PASportObservationExtracellularWaterRatio,StructureDefinition/PASportObservationWaistHipRate,StructureDefinition/PASportObservationBodyAge,StructureDefinition/PASportObservationBodyBoneMass,StructureDefinition/PASportObservationBodyFatMass,StructureDefinition/PASportObservationWeightTraining,StructureDefinition/PASportObservationBloodPressure,StructureDefinition/PASportObservationWaist,StructureDefinition/PASportObservationPeripheralOxygenSaturation,StructureDefinition/PASportObservationGlucose,StructureDefinition/PASportObservationHeartRate,StructureDefinition/PASportObservationBodyTemperature,StructureDefinition/PASportObservationVisceralFatIndex,StructureDefinition/PASportObservationBasalMetabolicRate,StructureDefinition/PASportObservationTreadmill,StructureDefinition/PASportObservationHeartRateVariability,StructureDefinition/PASportObservationGaitType,StructureDefinition/PASportObservationProtein,StructureDefinition/PASportObservationIntracellularWater,StructureDefinition/PASportObservationSkeletalMuscleMassIndex,StructureDefinition/PASportObservationRespiratoryRate,StructureDefinition/PASportObservationFatFreeMass,StructureDefinition/PASportObservationSkeletalMuscleMass,StructureDefinition/PASportObservationVisceralFatArea","hl7.fhir.r4.core"
http://hl7.org/fhir/ValueSet/observation-vitalsignresult,4.0.1,active,"2.16.840.1.113883.3.88.12.80.62",VitalSigns,Vital Signs,"This value set indicates the allowed vital sign result types.   The LOINC code for Vitals Signs panel (85353-1) is a grouping structure for a set of vital signs and includes related links (with type=has-member) to the Observations in this set (e.g. respiratory rate, heart rate, BP).  The Blood pressure panel (85354-9) is used to group the component observations Systolic blood pressure (8480-6) and Diastolic blood pressure (8462-4).","StructureDefinition/PASportObservationBodyMassIndex,StructureDefinition/PASportObservationBloodPressure","LOINC"
http://hl7.org/fhir/ValueSet/organization-type,4.0.1,draft,"2.16.840.1.113883.4.642.3.414",OrganizationType,Organization type,"This example value set defines a set of codes that can be used to indicate a type of organization.","StructureDefinition/Organization-twltc","THO"
http://hl7.org/fhir/ValueSet/participant-role,4.0.1,draft,"2.16.840.1.113883.4.642.3.152",ParticipantRoles,Participant Roles,"Roles of participants that may be included in a care team.  Defined as: Is a Person, Healthcare professional (occupation) or Healthcare related organization (qualifier value).","StructureDefinition/LTCCareTeam,StructureDefinition/PASportServiceRequest","SCT"
http://hl7.org/fhir/ValueSet/procedure-code,4.0.1,draft,"2.16.840.1.113883.4.642.3.427",ProcedureCodes(SNOMEDCT),Procedure Codes (SNOMED CT),"Procedure Code: All SNOMED CT procedure codes.","StructureDefinition/LTCCarePlan,StructureDefinition/PASportServiceRequest,StructureDefinition/PASportCarePlan","SCT"
http://hl7.org/fhir/ValueSet/publication-status,4.0.1,active,"2.16.840.1.113883.4.642.3.3",PublicationStatus,PublicationStatus,"The lifecycle status of an artifact.","StructureDefinition/LTCQuestionnaire","hl7.fhir.r4.core"
http://hl7.org/fhir/ValueSet/quantity-comparator,4.0.1,active,"2.16.840.1.113883.4.642.3.59",QuantityComparator,QuantityComparator,"How the Quantity should be understood and represented.","StructureDefinition/PASportObservationMeanHeartRate,StructureDefinition/PASportObservationExtracellularWater,StructureDefinition/PASportObservationBodyFatPercentage,StructureDefinition/PASportObservationTotalBodyWater,StructureDefinition/PASportObservationMineral,StructureDefinition/PASportObservationCellMass,StructureDefinition/PASportObservationRestingHeartRate,StructureDefinition/PASportObservationSoftLeanMass,StructureDefinition/PASportObservationGaitCycle,StructureDefinition/PASportObservationWeight,StructureDefinition/PASportObservationBodyMassIndex,StructureDefinition/PASportObservationHeight,StructureDefinition/PASportObservationObesityDegree,StructureDefinition/PASportObservationExtracellularWaterRatio,StructureDefinition/PASportObservationWaistHipRate,StructureDefinition/PASportObservationBodyAge,StructureDefinition/PASportObservationBodyBoneMass,StructureDefinition/PASportGoal,StructureDefinition/PASportObservationBodyFatMass,StructureDefinition/PASportObservationWeightTraining,StructureDefinition/PASportObservationBloodPressure,StructureDefinition/PASportObservationWaist,StructureDefinition/PASportObservationPeripheralOxygenSaturation,StructureDefinition/PASportObservationGlucose,StructureDefinition/PASportObservationHeartRate,StructureDefinition/PASportObservationBodyTemperature,StructureDefinition/PASportObservationVisceralFatIndex,StructureDefinition/PASportObservationBasalMetabolicRate,StructureDefinition/PASportObservationTreadmill,StructureDefinition/PASportObservationHeartRateVariability,StructureDefinition/PASportObservationGaitType,StructureDefinition/PASportObservationProtein,StructureDefinition/PASportObservationIntracellularWater,StructureDefinition/PASportObservationSkeletalMuscleMassIndex,StructureDefinition/PASportObservationRespiratoryRate,StructureDefinition/PASportObservationFatFreeMass,StructureDefinition/PASportObservationSkeletalMuscleMass,StructureDefinition/PASportObservationVisceralFatArea","hl7.fhir.r4.core"
http://hl7.org/fhir/ValueSet/questionnaire-answers,4.0.1,draft,"2.16.840.1.113883.4.642.3.446",QuestionnaireAnswerCodes,Questionnaire Answer Codes,"Example list of codes for answers to questions. (Not complete or necessarily appropriate.)","StructureDefinition/LTCQuestionnaireResponseCMSCaregiverSupport,StructureDefinition/LTCQuestionnaireResponse,StructureDefinition/LTCQuestionnaireResponseCMSMental,StructureDefinition/LTCQuestionnaireResponseCMSADL,StructureDefinition/LTCQuestionnaireResponseCMSSociety,StructureDefinition/LTCQuestionnaireResponseCMSIADL,StructureDefinition/LTCQuestionnaireResponseReferralCaregiver,StructureDefinition/LTCQuestionnaireResponseReferralADL,StructureDefinition/LTCQuestionnaire,StructureDefinition/LTCQuestionnaireResponseCMSCommunication,StructureDefinition/LTCQuestionnaireResponseCMSSpecialCare,StructureDefinition/LTCQuestionnaireResponseReferralIADL,StructureDefinition/LTCQuestionnaireResponseCMSMemory","SCT"
http://hl7.org/fhir/ValueSet/questionnaire-answers-status,4.0.1,draft,"required",QuestionnaireResponseStatus,QuestionnaireResponseStatus,"Lifecycle status of the questionnaire response.","StructureDefinition/LTCQuestionnaireResponseCMSCaregiverSupport,StructureDefinition/LTCQuestionnaireResponse,StructureDefinition/LTCQuestionnaireResponseCMSMental,StructureDefinition/LTCQuestionnaireResponseCMSADL,StructureDefinition/LTCQuestionnaireResponseCMSSociety,StructureDefinition/LTCQuestionnaireResponseCMSCaregiverLoad,StructureDefinition/LTCQuestionnaireResponseCMSIADL,StructureDefinition/LTCQuestionnaireResponseReferralCaregiver,StructureDefinition/LTCQuestionnaireResponseReferralADL,StructureDefinition/LTCQuestionnaireResponseReferralSOF,StructureDefinition/LTCQuestionnaireResponseCMSCommunication,StructureDefinition/LTCQuestionnaireResponseCMSSpecialCare,StructureDefinition/LTCQuestionnaireResponseReferralIADL,StructureDefinition/LTCQuestionnaireResponseCMSMemory","hl7.fhir.r4.core"
http://hl7.org/fhir/ValueSet/questionnaire-enable-behavior,4.0.1,draft,"2.16.840.1.113883.4.642.3.1007",EnableWhenBehavior,EnableWhenBehavior,"Controls how multiple enableWhen values are interpreted -  whether all or any must be true.","StructureDefinition/LTCQuestionnaire","hl7.fhir.r4.core"
http://hl7.org/fhir/ValueSet/questionnaire-enable-operator,4.0.1,draft,"2.16.840.1.113883.4.642.3.1005",QuestionnaireItemOperator,QuestionnaireItemOperator,"The criteria by which a question is enabled.","StructureDefinition/LTCQuestionnaire","hl7.fhir.r4.core"
http://hl7.org/fhir/ValueSet/questionnaire-questions,4.0.1,draft,"2.16.840.1.113883.4.642.3.443",QuestionnaireQuestionCodes,Questionnaire Question Codes,"Example list of codes for questions and groups of questions. (Not necessarily complete or appropriate.)","StructureDefinition/LTCQuestionnaire","LOINC"
http://hl7.org/fhir/ValueSet/reason-medication-given-codes,4.0.1,draft,"2.16.840.1.113883.4.642.3.344",ReasonMedicationGivenCodes,Reason Medication Given Codes,"This value set is provided as an example. The value set to instantiate this attribute should be drawn from a robust terminology code system that consists of or contains concepts to support the medication process.","StructureDefinition/LTCMedicationAdministration","THO"
http://hl7.org/fhir/ValueSet/reason-medication-not-given-codes,4.0.1,draft,"2.16.840.1.113883.4.642.3.342",SNOMEDCTReasonMedicationNotGivenCodes,SNOMED CT Reason Medication Not Given Codes,"This value set includes all medication refused, medication not administered, and non-administration of necessary drug or medicine codes from SNOMED CT - provided as an exemplar value set.","StructureDefinition/LTCMedicationAdministration","SCT"
http://hl7.org/fhir/ValueSet/referencerange-appliesto,4.0.1,draft,"2.16.840.1.113883.4.642.3.407",ObservationReferenceRangeAppliesToCodes,Observation Reference Range Applies To Codes,"This value set defines a set of codes that can be used to indicate the particular target population the reference range applies to.","StructureDefinition/PASportObservationMeanHeartRate,StructureDefinition/PASportObservationExtracellularWater,StructureDefinition/PASportObservationBodyFatPercentage,StructureDefinition/LTCObservationVitalSigns,StructureDefinition/PASportObservationTotalBodyWater,StructureDefinition/PASportObservationMineral,StructureDefinition/PASportObservationCellMass,StructureDefinition/PASportObservationRestingHeartRate,StructureDefinition/PASportObservationSoftLeanMass,StructureDefinition/PASportObservationGaitCycle,StructureDefinition/PASportObservationWeight,StructureDefinition/LTCObservationFallingHistory,StructureDefinition/PASportObservationBodyMassIndex,StructureDefinition/PASportObservationHeight,StructureDefinition/PASportObservationObesityDegree,StructureDefinition/PASportObservationExtracellularWaterRatio,StructureDefinition/PASportObservationWaistHipRate,StructureDefinition/PASportObservationBodyAge,StructureDefinition/PASportObservationBodyBoneMass,StructureDefinition/PASportObservationBodyFatMass,StructureDefinition/PASportObservationWeightTraining,StructureDefinition/PASportObservationBloodPressure,StructureDefinition/PASportObservationWaist,StructureDefinition/PASportObservationPeripheralOxygenSaturation,StructureDefinition/PASportObservationGlucose,StructureDefinition/PASportObservationHeartRate,StructureDefinition/PASportObservationBodyTemperature,StructureDefinition/PASportObservationVisceralFatIndex,StructureDefinition/PASportObservationBasalMetabolicRate,StructureDefinition/PASportObservationTreadmill,StructureDefinition/PASportObservationHeartRateVariability,StructureDefinition/PASportObservationGaitType,StructureDefinition/PASportObservationProtein,StructureDefinition/PASportObservationIntracellularWater,StructureDefinition/PASportObservationSkeletalMuscleMassIndex,StructureDefinition/PASportObservationRespiratoryRate,StructureDefinition/PASportObservationFatFreeMass,StructureDefinition/PASportObservationSkeletalMuscleMass,StructureDefinition/PASportObservationVisceralFatArea","SCT"
http://hl7.org/fhir/ValueSet/referencerange-meaning,4.0.1,draft,"2.16.840.1.113883.4.642.3.397",ObservationReferenceRangeMeaningCodes,Observation Reference Range Meaning Codes,"This value set defines a set of codes that can be used to indicate the meaning/use of a reference range for a particular target population.","StructureDefinition/PASportObservationMeanHeartRate,StructureDefinition/PASportObservationExtracellularWater,StructureDefinition/PASportObservationBodyFatPercentage,StructureDefinition/LTCObservationVitalSigns,StructureDefinition/PASportObservationTotalBodyWater,StructureDefinition/PASportObservationMineral,StructureDefinition/PASportObservationCellMass,StructureDefinition/PASportObservationRestingHeartRate,StructureDefinition/PASportObservationSoftLeanMass,StructureDefinition/PASportObservationGaitCycle,StructureDefinition/PASportObservationWeight,StructureDefinition/LTCObservationFallingHistory,StructureDefinition/PASportObservationBodyMassIndex,StructureDefinition/PASportObservationHeight,StructureDefinition/PASportObservationObesityDegree,StructureDefinition/PASportObservationExtracellularWaterRatio,StructureDefinition/PASportObservationWaistHipRate,StructureDefinition/PASportObservationBodyAge,StructureDefinition/PASportObservationBodyBoneMass,StructureDefinition/PASportObservationBodyFatMass,StructureDefinition/PASportObservationWeightTraining,StructureDefinition/PASportObservationBloodPressure,StructureDefinition/PASportObservationWaist,StructureDefinition/PASportObservationPeripheralOxygenSaturation,StructureDefinition/PASportObservationGlucose,StructureDefinition/PASportObservationHeartRate,StructureDefinition/PASportObservationBodyTemperature,StructureDefinition/PASportObservationVisceralFatIndex,StructureDefinition/PASportObservationBasalMetabolicRate,StructureDefinition/PASportObservationTreadmill,StructureDefinition/PASportObservationHeartRateVariability,StructureDefinition/PASportObservationGaitType,StructureDefinition/PASportObservationProtein,StructureDefinition/PASportObservationIntracellularWater,StructureDefinition/PASportObservationSkeletalMuscleMassIndex,StructureDefinition/PASportObservationRespiratoryRate,StructureDefinition/PASportObservationFatFreeMass,StructureDefinition/PASportObservationSkeletalMuscleMass,StructureDefinition/PASportObservationVisceralFatArea","THO"
http://hl7.org/fhir/ValueSet/relatedperson-relationshiptype,4.0.1,draft,"2.16.840.1.113883.4.642.3.449",PatientRelationshipType,Patient relationship type,"A set of codes that can be used to indicate the relationship between a Patient and a Related Person.","StructureDefinition/LTCPatientCMS,StructureDefinition/LTCPatient,StructureDefinition/LTCPatientReferral","THO (V3),THO (V2)"
http://hl7.org/fhir/ValueSet/request-intent,4.0.1,draft,"2.16.840.1.113883.4.642.3.113",RequestIntent,RequestIntent,"Codes indicating the degree of authority/intentionality associated with a request.","StructureDefinition/PASportServiceRequest","hl7.fhir.r4.core"
http://hl7.org/fhir/ValueSet/request-priority,4.0.1,draft,"2.16.840.1.113883.4.642.3.115",RequestPriority,Request priority,"The clinical priority of a diagnostic order.","StructureDefinition/PASportServiceRequest","hl7.fhir.r4.core"
http://hl7.org/fhir/ValueSet/request-status,4.0.1,draft,"2.16.840.1.113883.4.642.3.111",RequestStatus,RequestStatus,"Codes identifying the lifecycle stage of a request.","StructureDefinition/LTCCarePlanReferral,StructureDefinition/LTCCarePlan,StructureDefinition/PASportServiceRequest,StructureDefinition/PASportCarePlan","hl7.fhir.r4.core"
http://hl7.org/fhir/ValueSet/resource-types,4.0.1,active,"2.16.840.1.113883.4.642.3.27",ResourceType,ResourceType,"One of the resource types defined as part of this version of FHIR.","StructureDefinition/PASportObservationMeanHeartRate,StructureDefinition/PASportObservationExtracellularWater,StructureDefinition/PASportObservationTotalBodyWater,StructureDefinition/LTCPatientCMS,StructureDefinition/LTCConditionDisabilityType,StructureDefinition/PASportObservationMineral,StructureDefinition/LTCQuestionnaireResponseCMSMental,StructureDefinition/PASportObservationRestingHeartRate,StructureDefinition/PASportConditionExerciseHistory,StructureDefinition/PASportObservationWeight,StructureDefinition/LTCQuestionnaireResponseCMSCaregiverLoad,StructureDefinition/PASportConditionMedicalHistory,StructureDefinition/LTCQuestionnaireResponseCMSCommunication,StructureDefinition/LTCQuestionnaireResponseCMSSpecialCare,StructureDefinition/PASportObservationBodyFatMass,StructureDefinition/LTCQuestionnaireResponseReferralIADL,StructureDefinition/PASportObservationWeightTraining,StructureDefinition/LTCGoal,StructureDefinition/LTCQuestionnaireResponse,StructureDefinition/PASportObservationWaist,StructureDefinition/LTCCarePlanReferral,StructureDefinition/LTCCarePlan,StructureDefinition/PASportObservationPeripheralOxygenSaturation,StructureDefinition/PASportObservationHeartRate,StructureDefinition/PASportObservationBodyTemperature,StructureDefinition/PASportObservationBasalMetabolicRate,StructureDefinition/LTCConditionDisability,StructureDefinition/PASportObservationHeartRateVariability,StructureDefinition/PASportObservationGaitType,StructureDefinition/PASportObservationProtein,StructureDefinition/LTCCompositionCMS,StructureDefinition/PASportObservationSkeletalMuscleMassIndex,StructureDefinition/LTCQuestionnaireResponseCMSIADL,StructureDefinition/LTCCondition,StructureDefinition/PASportObservationRespiratoryRate,StructureDefinition/PASportObservationSkeletalMuscleMass,StructureDefinition/LTCQuestionnaire,StructureDefinition/PASportObservationVisceralFatArea,StructureDefinition/LTCPatientReferral,StructureDefinition/LTCQuestionnaireResponseCMSMemory,StructureDefinition/LTCQuestionnaireResponseCMSCaregiverSupport,StructureDefinition/PASportObservationBodyFatPercentage,StructureDefinition/PASportObservationCellMass,StructureDefinition/PASportObservationSoftLeanMass,StructureDefinition/LTCQuestionnaireResponseCMSSociety,StructureDefinition/PASportObservationGaitCycle,StructureDefinition/PASportObservationHeight,StructureDefinition/PASportObservationObesityDegree,StructureDefinition/PASportObservationExtracellularWaterRatio,StructureDefinition/PASportObservationWaistHipRate,StructureDefinition/LTCRelatedPerson,StructureDefinition/LTCQuestionnaireResponseReferralSOF,StructureDefinition/PASportObservationBodyAge,StructureDefinition/PASportObservationBodyBoneMass,StructureDefinition/PASportCarePlan,StructureDefinition/LTCPatient,StructureDefinition/PASportObservationGlucose,StructureDefinition/LTCQuestionnaireResponseCMSADL,StructureDefinition/PASportObservationVisceralFatIndex,StructureDefinition/LTCCompositionReferral,StructureDefinition/PASportObservationTreadmill,StructureDefinition/LTCCareTeam,StructureDefinition/PASportObservationIntracellularWater,StructureDefinition/LTCQuestionnaireResponseReferralCaregiver,StructureDefinition/PASportObservationFatFreeMass,StructureDefinition/LTCQuestionnaireResponseReferralADL,StructureDefinition/LTCPractitionerRole","hl7.fhir.r4.core"
http://hl7.org/fhir/ValueSet/route-codes,4.0.1,draft,"2.16.840.1.113883.4.642.3.98",SNOMEDCTRouteCodes,SNOMED CT Route Codes,"This value set includes all Route codes from SNOMED CT - provided as an exemplar.","StructureDefinition/LTCMedicationAdministration","SCT"
http://hl7.org/fhir/ValueSet/search-entry-mode,4.0.1,active,"2.16.840.1.113883.4.642.3.622",SearchEntryMode,SearchEntryMode,"Why an entry is in the result set - whether it's included as a match or because of an _include requirement, or to convey information or warning information about the search process.","StructureDefinition/LTCBundleCMS,StructureDefinition/LTCBundleReferral","hl7.fhir.r4.core"
http://hl7.org/fhir/ValueSet/servicerequest-category,4.0.1,draft,"2.16.840.1.113883.4.642.3.434",ServiceRequestCategoryCodes,Service Request Category Codes,"An example value set of SNOMED CT concepts that can classify a requested service","StructureDefinition/PASportServiceRequest","SCT"
http://hl7.org/fhir/ValueSet/servicerequest-orderdetail,4.0.1,draft,"2.16.840.1.113883.4.642.3.435",ServiceRequestOrderDetailsCodes,Service Request Order Details Codes,"An example value set of Codified order entry details concepts.  These concepts only make sense in the context of what is being ordered.  This example is for a patient ventilation order","StructureDefinition/PASportServiceRequest","SCT"
http://hl7.org/fhir/ValueSet/ucum-vitals-common,4.0.1,draft,"2.16.840.1.113883.4.642.3.955",VitalSignsUnits,Vital Signs Units,"Common UCUM units for recording Vital Signs","StructureDefinition/PASportObservationBodyMassIndex,StructureDefinition/PASportObservationHeight,StructureDefinition/LTCObservationVitalSigns,StructureDefinition/PASportObservationPeripheralOxygenSaturation,StructureDefinition/PASportObservationHeartRate,StructureDefinition/PASportObservationBodyTemperature,StructureDefinition/PASportObservationRespiratoryRate,StructureDefinition/PASportObservationWeight,StructureDefinition/PASportObservationBloodPressure","UCUM"
http://hl7.org/fhir/uv/ips/ValueSet/absent-or-unknown-problems-uv-ips,1.1.0,active,,AbsentOrUnknownProblemsUvIps,Absent or Unknown Problems - IPS,"Absent or Unknown Problems","StructureDefinition/LTCConditionDisabilityType,StructureDefinition/LTCConditionCaregiver,StructureDefinition/LTCCondition,StructureDefinition/PASportConditionMedicalHistory,StructureDefinition/LTCConditionCrush,StructureDefinition/LTCConditionResidence,StructureDefinition/LTCConditionDisability,StructureDefinition/LTCConditionTube,StructureDefinition/PASportConditionExerciseHistory","hl7.fhir.uv.ips"
http://ltc-ig.fhir.tw/ValueSet/AddressUseVS-TWLTC,0.2.0,active,,AddressUseVSTWLTC,地址用途擴展值集,"地址的用途，新增戶籍地與現居地等代碼",,"Internal"
http://ltc-ig.fhir.tw/ValueSet/ConditionDisabilityTypeVS-TWLTC,0.2.0,active,,ConditionDisabilityTypeVSTWLTC,身心障礙類型值集,"個案身心障礙類型","StructureDefinition/LTCConditionDisabilityType","Internal"
http://ltc-ig.fhir.tw/ValueSet/ConditionDisabilityVS-TWLTC,0.2.0,active,,ConditionDisabilityVSTWLTC,身心障礙手冊持有狀況值集,"個案持有身心障礙手冊的狀況","StructureDefinition/LTCConditionDisability","Internal"
http://ltc-ig.fhir.tw/ValueSet/ConditionSeverityVS-TWLTC,0.2.0,active,,ConditionSeverityVSTWLTC,疾病嚴重度擴展值集,"用以表述疾病嚴重度之擴展值集，包含疾病嚴重度之描述內容。配合身心障礙手冊障礙程度分級，包含輕度、中度、重度、極重度等代碼。","StructureDefinition/LTCConditionDisabilityType","Other"
http://ltc-ig.fhir.tw/ValueSet/EconomyStatusVS-TWLTC,0.2.0,active,,EconomyStatusVSTWLTC,個案經濟狀況值集,"用以表述個案經濟狀況之值集，包含個案經濟狀況之描述內容。","StructureDefinition/LTCPatientReferral,StructureDefinition/ExtPatientEconomyStatus-TWLTC","Internal"
http://ltc-ig.fhir.tw/ValueSet/EducationStatusVS-TWLTC,0.2.0,active,,EducationStatusVSTWLTC,教育程度值集,"用以表述教育程度之值集，包含教育程度之描述內容。","StructureDefinition/ExtPatientEducationStatus-TWLTC","Internal"
http://ltc-ig.fhir.tw/ValueSet/ExerciseHistoryVS-Sport,0.2.0,active,,ExerciseHistoryVSSport,身體活動量測-最近(目前)運動史值集,"最近(目前)運動史。本 ValueSet 繼承自身體活動量測 IG，後續將配合原始 IG 進行更新。",,"Other"
http://ltc-ig.fhir.tw/ValueSet/FallHistoryResultVS-TWLTC,0.2.0,active,,FallHistoryResultVSTWLTC,跌倒紀錄結果值集,"紀錄住民跌倒的偵測結果。","StructureDefinition/LTCObservationFallingHistory","LOINC"
http://ltc-ig.fhir.tw/ValueSet/GaitCycleVS-Sport,0.2.0,active,,GaitCycleVSSport,身體活動量測-步態週期值集,"一個步伐的完整過程，從一隻腳接觸地面開始到同一隻腳再次接觸地面結束。這個過程可以分為兩個主要階段：支撐期（stance phase）和擺動期（swing phase）。本 ValueSet 繼承自身體活動量測 IG，後續將配合原始 IG 進行更新。",,"Internal"
http://ltc-ig.fhir.tw/ValueSet/GaitTypeVS-Sport,0.2.0,active,,GaitTypeVSSport,身體活動量測-步態分析值集,"用於描述步態（walking gait）時腳的着地位置和運動模式。本 ValueSet 繼承自身體活動量測 IG，後續將配合原始 IG 進行更新。","StructureDefinition/PASportObservationGaitType","Other"
http://ltc-ig.fhir.tw/ValueSet/GoalDescriptionVS-TWLTC,0.2.0,active,,GoalDescriptionVSTWLTC,照顧目標描述值集,"照顧目標的描述值集，用以表述長期照顧情境中涉及之照顧目標描述內容。本值集比照 US Core Goal Profile 中的 description 元素定義，引用 SNOMED CT 與 LOINC 等術語系統。","StructureDefinition/LTCGoal","SCT,LOINC"
http://ltc-ig.fhir.tw/ValueSet/ICD-10-PCS-2023-TW-F-VS,0.2.0,active,,ICD10PCS2023TWFVS,臺灣 2023 年中文版 ICD-10-PCS-F 值集,"臺灣 2023 年中文版 ICD-10-PCS 復健及診斷性聽力學(Physical Rehabilitation and Diagnostic Audiology)，章節數值為「F」。 包括：復健、診斷性聽力學。 代碼出版日期：2023-11-10；資料所屬單位：衛生福利部中央健康保險署。 因原始資料無代碼版本資訊，故使用其法規「公布日期」作為版本資訊。本 ValueSet 繼承自身體活動量測 IG，後續將配合原始 IG 進行更新。","StructureDefinition/PASportServiceRequest","Internal"
http://ltc-ig.fhir.tw/ValueSet/PatientIdentityVS-TWLTC,0.2.0,active,,PatientIdentityVSTWLTC,個案身分別值集,"個案身分別的值集","StructureDefinition/ExtPatientIdentity-TWLTC","Internal"
http://ltc-ig.fhir.tw/ValueSet/ReferralCarePlanVS-TWLTC,0.2.0,active,,ReferralCarePlanVSTWLTC,轉介單申請服務種類值集,"轉介單申請服務種類的值集","StructureDefinition/LTCCarePlanReferral","Internal"
http://ltc-ig.fhir.tw/ValueSet/ReferralConditionCaregiverVS-TWLTC,0.2.0,active,,ReferralConditionCaregiverVSTWLTC,看護狀況值集,"個案雇用看護的狀況","StructureDefinition/LTCConditionCaregiver","Internal"
http://ltc-ig.fhir.tw/ValueSet/ReferralConditionCrushVS-TWLTC,0.2.0,active,,ReferralConditionCrushVSTWLTC,壓傷狀況值集,"個案壓傷的狀況","StructureDefinition/LTCConditionCrush","Internal"
http://ltc-ig.fhir.tw/ValueSet/ReferralConditionResidenceVS-TWLTC,0.2.0,active,,ReferralConditionResidenceVSTWLTC,居住狀況值集,"個案的居住狀況","StructureDefinition/LTCConditionResidence","Internal"
http://ltc-ig.fhir.tw/ValueSet/ReferralConditionTubeVS-TWLTC,0.2.0,active,,ReferralConditionTubeVSTWLTC,管路狀況值集,"個案持有管路的狀況","StructureDefinition/LTCConditionTube","Internal"
http://ltc-ig.fhir.tw/ValueSet/RelationshipTypeVS-TWLTC,0.2.0,active,,RelationshipTypeVSTWLTC,關係類型擴展值集,"關係人與個案的關係類型擴展代碼值集，新增孫媳婦、孫女婿、聘用看護-本國籍、聘用看護-外國籍等代碼","StructureDefinition/LTCRelatedPerson","THO (V3),THO (V2),Internal"
http://ltc-ig.fhir.tw/ValueSet/ServiceRequestPAVS-Sport,0.2.0,active,,ServiceRequestPAVSSport,身體活動量測-適用運動處方之服務請求代碼值集,"適用運動處方之服務請求代碼。本 ValueSet 繼承自身體活動量測 IG，後續將配合原始 IG 進行更新。","StructureDefinition/PASportServiceRequest","Other"
http://ltc-ig.fhir.tw/ValueSet/SportTrainingVS-Sport,0.2.0,active,,SportTrainingVSSport,身體活動量測-重量訓練代碼值集,"定義重量訓練各個方面的代碼，包括使用的重量、執行的組數以及每組的重複次數。本 ValueSet 繼承自身體活動量測 IG，後續將配合原始 IG 進行更新。",,"Internal"
http://ltc-ig.fhir.tw/ValueSet/TempCodeVS-Sport,0.2.0,active,,TempCodeVSSport,身體活動量測-暫用代碼值集,"身體活動量測暫時使用的代碼，目前無官方代碼。本 ValueSet 繼承自身體活動量測 IG，後續將配合官方代碼更新。","StructureDefinition/PASportConditionExerciseHistory","Internal"
http://ltc-ig.fhir.tw/ValueSet/TreadmillTypeVS-Sport,0.2.0,active,,TreadmillTypeVSSport,身體活動量測-跑步機類型值集,"用於描述跑步機的類型。本 ValueSet 繼承自身體活動量測 IG，後續將配合原始 IG 進行更新。","StructureDefinition/PASportObservationTreadmill","Other"
http://terminology.hl7.org/ValueSet/v3-ActCode,3.0.0,active,,ActCode,v3 Code System ActCode,"A code specifying the particular kind of Act that the Act-instance represents within its class.  Constraints:  The kind of Act (e.g. physical examination, serum potassium, inpatient encounter, charge financial transaction, etc.) is specified with a code from one of several, typically external, coding systems.  The coding system will depend on the class of Act, such as LOINC for observations, etc. Conceptually, the Act.code must be a specialization of the Act.classCode. This is why the structure of ActClass domain should be reflected in the superstructure of the ActCode domain and then individual codes or externally referenced vocabularies subordinated under these domains that reflect the ActClass structure. Act.classCode and Act.code are not modifiers of each other but the Act.code concept should really imply the Act.classCode concept. For a negative example, it is not appropriate to use an Act.code ""potassium"" together with and Act.classCode for ""laboratory observation"" to somehow mean ""potassium laboratory observation"" and then use the same Act.code for ""potassium"" together with Act.classCode for ""medication"" to mean ""substitution of potassium"". This mutually modifying use of Act.code and Act.classCode is not permitted.","StructureDefinition/LTCCompositionCMS,StructureDefinition/LTCCompositionReferral","THO (V3)"
http://terminology.hl7.org/ValueSet/v3-ConfidentialityClassification,2014-03-26,active,"2.16.840.1.113883.1.11.10228",v3.ConfidentialityClassification,V3 Value SetConfidentialityClassification," Set of codes used to value Act.Confidentiality and Role.Confidentiality attribute in accordance with the definition for concept domain ""Confidentiality"".","StructureDefinition/LTCCompositionCMS,StructureDefinition/LTCCompositionReferral","THO (V3)"
http://terminology.hl7.org/ValueSet/v3-ServiceDeliveryLocationRoleType,3.0.0,active,"2.16.840.1.113883.1.11.17660",ServiceDeliveryLocationRoleType,ServiceDeliveryLocationRoleType,"A role of a place that further classifies the setting (e.g., accident site, road side, work site, community location) in which services are delivered.","StructureDefinition/PASportServiceRequest","THO (V3)"
https://twcore.mohw.gov.tw/ig/twcore/ValueSet/category-code-tw,0.3.0,active,,TWCategoryCode,臺灣衛福部資訊處類型代碼值集,"臺灣衛福部資訊處類型代碼值集","StructureDefinition/PASportObservationMeanHeartRate,StructureDefinition/PASportObservationExtracellularWater,StructureDefinition/PASportObservationBodyFatPercentage,StructureDefinition/PASportObservationTotalBodyWater,StructureDefinition/PASportObservationMineral,StructureDefinition/PASportObservationCellMass,StructureDefinition/PASportObservationRestingHeartRate,StructureDefinition/PASportObservationSoftLeanMass,StructureDefinition/PASportObservationGaitCycle,StructureDefinition/LTCObservationFallingHistory,StructureDefinition/PASportObservationObesityDegree,StructureDefinition/PASportObservationExtracellularWaterRatio,StructureDefinition/PASportObservationWaistHipRate,StructureDefinition/PASportObservationBodyAge,StructureDefinition/PASportObservationBodyBoneMass,StructureDefinition/PASportObservationBodyFatMass,StructureDefinition/PASportObservationWeightTraining,StructureDefinition/PASportObservationWaist,StructureDefinition/PASportObservationGlucose,StructureDefinition/PASportObservationVisceralFatIndex,StructureDefinition/PASportObservationBasalMetabolicRate,StructureDefinition/PASportObservationTreadmill,StructureDefinition/PASportObservationHeartRateVariability,StructureDefinition/PASportObservationGaitType,StructureDefinition/PASportObservationProtein,StructureDefinition/PASportObservationIntracellularWater,StructureDefinition/PASportObservationSkeletalMuscleMassIndex,StructureDefinition/PASportObservationFatFreeMass,StructureDefinition/PASportObservationSkeletalMuscleMass,StructureDefinition/PASportObservationVisceralFatArea","tw.gov.mohw.twcore,THO"
https://twcore.mohw.gov.tw/ig/twcore/ValueSet/condition-code-sct-tw,2022-07-31,active,,TWConditionCodeSCT,SNOMED CT診斷代碼值集,"SNOMED CT診斷代碼值集。","StructureDefinition/LTCConditionDisabilityType,StructureDefinition/LTCConditionCaregiver,StructureDefinition/LTCCondition,StructureDefinition/PASportConditionMedicalHistory,StructureDefinition/LTCConditionCrush,StructureDefinition/PASportServiceRequest,StructureDefinition/LTCConditionResidence,StructureDefinition/LTCConditionDisability,StructureDefinition/LTCConditionTube,StructureDefinition/PASportConditionExerciseHistory","SCT"
https://twcore.mohw.gov.tw/ig/twcore/ValueSet/health-professional-sct-tw,0.3.0,active,,TWHealthProfessionalSCT,SNOMED CT + 臺灣醫事司醫事人員類別值集,"SNOMED CT + 臺灣醫事司醫事人員類別值集。  此值集優先採用國際標準碼，國際標準碼未能表述之概念則以普遍被使用的臺灣醫事司醫事人員類別標準碼表述，請實作者留意。","StructureDefinition/LTCPractitioner,StructureDefinition/LTCPractitionerRole","tw.gov.mohw.twcore,SCT"
https://twcore.mohw.gov.tw/ig/twcore/ValueSet/icd-10-cm-2014-tw,2017-07-19,active,,TW2014ICD10CM,臺灣健保署2014年中文版ICD-10-CM值集,"臺灣健保署2014年中文版ICD-10-CM值集。 資料所屬單位：衛生福利部中央健康保險署。   此值集所涵蓋代碼量較大會使載入頁面時間較長，為方便使用者瀏覽，此處(本頁、XML、JSON、TTL)僅擷取部分代碼，完整代碼可至[全國專門術語服務平臺－值集(Value Set)](https://fhir.mohw.gov.tw/ts/valueset.jsp)查閱","StructureDefinition/LTCConditionDisabilityType,StructureDefinition/LTCConditionCaregiver,StructureDefinition/LTCCondition,StructureDefinition/PASportConditionMedicalHistory,StructureDefinition/LTCConditionCrush,StructureDefinition/LTCConditionResidence,StructureDefinition/LTCConditionDisability,StructureDefinition/LTCConditionTube,StructureDefinition/PASportConditionExerciseHistory","tw.gov.mohw.twcore"
https://twcore.mohw.gov.tw/ig/twcore/ValueSet/icd-10-cm-2021-tw,2022-07-29,active,,TW2021ICD10CM,臺灣健保署2021年中文版ICD-10-CM值集,"臺灣健保署2021年中文版ICD-10-CM值集。 資料所屬單位：衛生福利部中央健康保險署。  此值集所涵蓋代碼量較大會使載入頁面時間較長，為方便使用者瀏覽，此處(本頁、XML、JSON、TTL)僅擷取部分代碼，完整代碼可至[全國專門術語服務平臺－值集(Value Set)](https://fhir.mohw.gov.tw/ts/valueset.jsp)查閱","StructureDefinition/LTCConditionDisabilityType,StructureDefinition/LTCConditionCaregiver,StructureDefinition/LTCCondition,StructureDefinition/PASportConditionMedicalHistory,StructureDefinition/LTCConditionCrush,StructureDefinition/LTCConditionResidence,StructureDefinition/LTCConditionDisability,StructureDefinition/LTCConditionTube,StructureDefinition/PASportConditionExerciseHistory","tw.gov.mohw.twcore"
https://twcore.mohw.gov.tw/ig/twcore/ValueSet/icd-10-cm-2023-tw,2024-11-18,active,,TW2023ICD10CM,臺灣健保署2023年中文版ICD-10-CM值集,"臺灣健保署2023年中文版ICD-10-CM值集。 資料所屬單位：衛生福利部中央健康保險署。  此值集所涵蓋代碼量較大會使載入頁面時間較長，為方便使用者瀏覽，此處(本頁、XML、JSON、TTL)僅擷取部分代碼，完整代碼可至[全國專門術語服務平臺－值集(Value Set)](https://fhir.mohw.gov.tw/ts/valueset.jsp)查閱","StructureDefinition/LTCConditionDisabilityType,StructureDefinition/LTCConditionCaregiver,StructureDefinition/LTCCondition,StructureDefinition/PASportConditionMedicalHistory,StructureDefinition/LTCConditionCrush,StructureDefinition/LTCConditionResidence,StructureDefinition/LTCConditionDisability,StructureDefinition/LTCConditionTube,StructureDefinition/PASportConditionExerciseHistory","tw.gov.mohw.twcore"
https://twcore.mohw.gov.tw/ig/twcore/ValueSet/icd-10-pcs-2014-tw,2017-07-19,active,,TW2014ICD10PCS,臺灣健保署2014年中文版ICD-10-PCS值集,"臺灣健保署2014年中文版ICD-10-PCS值集。 資料所屬單位：衛生福利部中央健康保險署。  此值集所涵蓋代碼量較大會使載入頁面時間較長，為方便使用者瀏覽，此處(本頁、XML、JSON、TTL)僅擷取部分代碼，完整代碼可至[全國專門術語服務平臺－值集(Value Set)](https://fhir.mohw.gov.tw/ts/valueset.jsp)查閱","StructureDefinition/PASportServiceRequest","tw.gov.mohw.twcore"
https://twcore.mohw.gov.tw/ig/twcore/ValueSet/icd-10-pcs-2021-tw,2022-07-29,active,,TW2021ICD10PCS,臺灣健保署2021年中文版ICD-10-PCS值集,"臺灣健保署2021年中文版ICD-10-PCS值集。 資料所屬單位：衛生福利部中央健康保險署。  此值集所涵蓋代碼量較大會使載入頁面時間較長，為方便使用者瀏覽，此處(本頁、XML、JSON、TTL)僅擷取部分代碼，完整代碼可至[全國專門術語服務平臺－值集(Value Set)](https://fhir.mohw.gov.tw/ts/valueset.jsp)查閱","StructureDefinition/PASportServiceRequest","tw.gov.mohw.twcore"
https://twcore.mohw.gov.tw/ig/twcore/ValueSet/icd-10-pcs-2023-tw,2024-11-18,active,,TW2023ICD10PCS,臺灣健保署2023年中文版ICD-10-PCS值集,"臺灣健保署2023年中文版ICD-10-PCS值集。 資料所屬單位：衛生福利部中央健康保險署。  此值集所涵蓋代碼量較大會使載入頁面時間較長，為方便使用者瀏覽，此處(本頁、XML、JSON、TTL)僅擷取部分代碼，完整代碼可至[全國專門術語服務平臺－值集(Value Set)](https://fhir.mohw.gov.tw/ts/valueset.jsp)查閱","StructureDefinition/PASportServiceRequest","tw.gov.mohw.twcore"
https://twcore.mohw.gov.tw/ig/twcore/ValueSet/icd-9-cm-2001-tw,2023-05-09,active,,TW2001ICD9CM,臺灣健保署2001年中文版ICD-9-CM值集,"臺灣健保署2001年中文版ICD-9-CM值集。 資料所屬單位：衛生福利部中央健康保險署。   此值集所涵蓋代碼量較大會使載入頁面時間較長，為方便使用者瀏覽，此處(本頁、XML、JSON、TTL)僅擷取部分代碼，完整代碼可至[全國專門術語服務平臺－臺灣健保署2001年中文版ICD-9-CM值集](https://fhir.mohw.gov.tw/ts/valuesetRead.jsp?id=icd-9-cm-2001-tw&status=active&version=2023-05-09&metaId=1&composeId=0&composeSystem=0&composeVersion=0&pageSet=preview)查閱","StructureDefinition/LTCConditionDisabilityType,StructureDefinition/LTCConditionCaregiver,StructureDefinition/LTCCondition,StructureDefinition/PASportConditionMedicalHistory,StructureDefinition/LTCConditionCrush,StructureDefinition/LTCConditionResidence,StructureDefinition/LTCConditionDisability,StructureDefinition/LTCConditionTube,StructureDefinition/PASportConditionExerciseHistory","tw.gov.mohw.twcore"
https://twcore.mohw.gov.tw/ig/twcore/ValueSet/identifier-type-tw,0.3.0,active,,TWIdentifierType,IdentifierType + 臺灣衛福部資訊處識別碼類型值集,"IdentifierType + 臺灣衛福部資訊處識別碼類型值集","StructureDefinition/LTCPatientCMS,StructureDefinition/LTCPatient,StructureDefinition/Organization-twltc,StructureDefinition/LTCPatientReferral,StructureDefinition/LTCPractitioner","THO (V2),tw.gov.mohw.twcore"
https://twcore.mohw.gov.tw/ig/twcore/ValueSet/loinc-doc-section-code,2.77,active,,LOINCDocumentSection,LOINC Code Document Section值集,"LOINC Code Document Section值集。 代碼版本：2.77；代碼更新日期：2024-06-14；資料所屬單位：Regenstrief Institute。","StructureDefinition/LTCCompositionCMS,StructureDefinition/LTCCompositionReferral","LOINC"
https://twcore.mohw.gov.tw/ig/twcore/ValueSet/loinc-document-classcodes,2.77,active,,LOINCDocumentClass,LOINC Document Class值集,"LOINC Document Class值集。 代碼版本：2.77；代碼更新日期：2024-06-14；資料所屬單位：Regenstrief Institute。","StructureDefinition/LTCCompositionCMS,StructureDefinition/LTCCompositionReferral","LOINC"
https://twcore.mohw.gov.tw/ig/twcore/ValueSet/loinc-type-doc-code,2.77,active,,LOINCDocumentType,LOINC Code Document Type值集,"LOINC Code Document Type值集。   代碼版本：2.77；代碼更新日期：2024-06-14；資料所屬單位：Regenstrief Institute。","StructureDefinition/LTCCompositionCMS,StructureDefinition/LTCCompositionReferral","LOINC"
https://twcore.mohw.gov.tw/ig/twcore/ValueSet/medical-consultation-department-tw,0.3.0,active,,TWMedicalConsultationDepartment,無法對應至SNOMED CT之臺灣健保署就醫科別值集,"無法對應至SNOMED CT之臺灣健保署就醫科別值集。  此值集優先採用國際標準碼，國際標準碼未能表述之概念則以普遍被使用的臺灣健保署標準碼表述，請實作者留意。 ","StructureDefinition/LTCPractitionerRole","tw.gov.mohw.twcore"
https://twcore.mohw.gov.tw/ig/twcore/ValueSet/medical-department-sct-tw,0.3.0,active,,TWMedicalDepartmentSCT,對應至 SNOMED CT之就醫科別 + 診療科別值集,"因就醫科別與診療科別對應到之國際標準碼 SNOMED CT有共通代碼，因此本值集將兩者的對應代碼整合於同一值集中。    另為便於使用者更清晰地辨識「[就醫科別](ValueSet-medical-department-sct-tw.html#就醫科別對應表)」及「[診療科別](ValueSet-medical-department-sct-tw.html#診療科別對應表)」的各別完整值集範圍，請參閱以下兩個表格，代碼使用原則為：若想表達的語意有國際代碼可表述，便採用國際代碼；若無對應的國際代碼可表述，則採用健保署編訂的代碼。  ","StructureDefinition/LTCPractitionerRole","SCT"
https://twcore.mohw.gov.tw/ig/twcore/ValueSet/medical-treatment-department-tw,0.3.0,active,,TWMedicalTreatmentDepartment,無法對應至SNOMED CT之臺灣健保署診療科別值集,"無法對應至SNOMED CT之臺灣健保署診療科別值集。  此值集優先採用國際標準碼，國際標準碼未能表述之概念則以普遍被使用的臺灣健保署標準碼表述，請實作者留意。 ","StructureDefinition/LTCPractitionerRole","tw.gov.mohw.twcore"
https://twcore.mohw.gov.tw/ig/twcore/ValueSet/narrative-status,0.3.0,active,,TWNarrativeStatus,臺灣衛福部資訊處Narrative狀態值集,"臺灣衛福部資訊處Narrative狀態值集","StructureDefinition/LTCCarePlanReferral,StructureDefinition/LTCCarePlan,StructureDefinition/PASportCarePlan","hl7.fhir.r4.core"
https://twcore.mohw.gov.tw/ig/twcore/ValueSet/postal-code3-tw,2015-01-22,active,,TWPostalCode3,臺灣中華郵政3碼郵遞區號值集,"臺灣中華郵政3碼郵遞區號值集。   資料所屬單位：中華郵政。  此值集所涵蓋代碼量較大會使載入頁面時間較長，為方便使用者瀏覽，此處(本頁、XML、JSON、TTL)僅擷取部分代碼，完整代碼可至[全國專門術語服務平臺－值集(Value Set)](https://fhir.mohw.gov.tw/ts/valueset.jsp)查閱","StructureDefinition/LTCPatientCMS,StructureDefinition/LTCPatient,StructureDefinition/Organization-twltc,StructureDefinition/LTCPatientReferral","tw.gov.mohw.twcore"
https://twcore.mohw.gov.tw/ig/twcore/ValueSet/postal-code5-tw,2022-06-21,active,,TWPostalCode5,臺灣中華郵政5碼郵遞區號值集,"臺灣中華郵政5碼郵遞區號值集。   資料所屬單位：中華郵政。  此值集所涵蓋代碼量較大會使載入頁面時間較長，為方便使用者瀏覽，此處(本頁、XML、JSON、TTL)僅擷取部分代碼，完整代碼可至[全國專門術語服務平臺－值集(Value Set)](https://fhir.mohw.gov.tw/ts/valueset.jsp)查閱 ","StructureDefinition/LTCPatientCMS,StructureDefinition/LTCPatient,StructureDefinition/Organization-twltc,StructureDefinition/LTCPatientReferral","tw.gov.mohw.twcore"
https://twcore.mohw.gov.tw/ig/twcore/ValueSet/postal-code6-tw,2020-10-22,active,,TWPostalCode6,臺灣中華郵政6碼郵遞區號值集,"臺灣中華郵政6碼郵遞區號值集。   資料所屬單位：中華郵政。  此值集所涵蓋代碼量較大會使載入頁面時間較長，為方便使用者瀏覽，此處(本頁、XML、JSON、TTL)僅擷取部分代碼，完整代碼可至[全國專門術語服務平臺－值集(Value Set)](https://fhir.mohw.gov.tw/ts/valueset.jsp)。   ","StructureDefinition/LTCPatientCMS,StructureDefinition/LTCPatient,StructureDefinition/Organization-twltc,StructureDefinition/LTCPatientReferral","tw.gov.mohw.twcore"
https://twcore.mohw.gov.tw/ig/twcore/ValueSet/procedure-tw,2024-05-27,active,,TWMedicalServicePayment,臺灣健保署醫療服務給付項目-處置或手術值集,"臺灣健保署醫療服務給付項目-處置或手術值集。 資料所屬單位：衛生福利部中央健康保險署。 ","StructureDefinition/PASportServiceRequest","tw.gov.mohw.twcore"
https://twcore.mohw.gov.tw/ig/twcore/ValueSet/serviceRequest-category,0.3.0,active,,TWServiceRequestCategory,臺灣衛福部資訊處ServiceRequest類型值集,"臺灣衛福部資訊處ServiceRequest類型值集","StructureDefinition/PASportServiceRequest","tw.gov.mohw.twcore,SCT"
https://twcore.mohw.gov.tw/ig/twcore/ValueSet/vital-signs-tw,0.3.0,active,,TWVitalSigns,LOINC生命體徵值集,"LOINC生命體徵值集。","StructureDefinition/PASportObservationHeight,StructureDefinition/LTCObservationVitalSigns,StructureDefinition/PASportObservationPeripheralOxygenSaturation,StructureDefinition/PASportObservationHeartRate,StructureDefinition/PASportObservationBodyTemperature,StructureDefinition/PASportObservationRespiratoryRate,StructureDefinition/PASportObservationWeight","LOINC"
